"INDIN.N.4.0","INDIC.C.10","QDESC.C.70","DONTASK1.C.10","DONTASK2.C.10","DONTASK3.C.10","DONTASK4.C.10","DONTASK5.C.10","DONTASK6.C.10","DONTASK7.C.10","DONTASK8.C.10","ASKIF.C.10","OCCR.C.7","A_NRP.C.7","A_PEND_6W.C.7","A_PREG.C.7","B_SEPSIS.C.7","B_PNEUM.C.7","B_HIVAIDS.C.7","B_DIARR.C.7","B_MALAR.C.7","B_MEAS.C.7","B_MENING.C.7","B_TETAN.C.7","B_TB_PUL.C.7","B_PERTUS.C.7","B_HEMFEV.C.7","B_INF_OU.C.7","B_ORAL_M.C.7","B_DIG_M.C.7","B_RESP_M.C.7","B_BREA_M.C.7","B_REPR_M.C.7","B_OU_M.C.7","B_ANAEM.C.7","B_MALNUT.C.7","B_DIABET.C.7","B_CARD_AC.C.7","B_SICKLE.C.7","B_STROKE.C.7","B_CARD_OU.C.7","B_COPD.C.7","B_ASTHM.C.7","B_AC_ABD.C.7","B_LIVER.C.7","B_KIDNEY.C.7","B_EPILEP.C.7","B_NCD_OU.C.7","B_CONGEN.C.7","B_P_SML.C.7","B_P_ASPH.C.7","B_P_PNEU.C.7","B_P_SEPS.C.7","B_P_OU.C.7","B_STB_F.C.7","B_STB_M.C.7","B_ACC_TRF.C.7","B_ACC_TRO.C.7","B_FALL.C.7","B_DROWN.C.7","B_FIRE.C.7","B_VENOM.C.7","B_FORCE.C.7","B_POIS.C.7","B_SUIC.C.7","B_ASSAULT.C.7","B_EXT_OU.C.7","B_ECTOP.C.7","B_ABORT.C.7","B_PIH.C.7","B_HAEM.C.7","B_OBS_LB.C.7","B_O_SEPS.C.7","B_PANAEM.C.7","B_UT_RUP.C.7","B_MAT_OU.C.7","D_LOCATE.C.7","D_LOGIST.C.7","D_SERVICE.C.7","D_PERCEPT.C.7","D_COST.C.7"
"   0","expected","","","","","","","","","","","","A+","A-","A-","C+","C+","E","C","E","D-","C","D","B-","D","E","D","C","C","C","C","C","C","C","C+","B-","B+","E","B+","B+","B-","C","B-","C","C+","B-","C","C+","C+","B-","C","C","B+","C","C-","B","C","C+","C+","C+","C+","C","C+","B","B","B","D","C-","C-","C-","D","D","D","E","C","B","B","B","B","B"
"1010","elder","Age 65+ years","neonate","infant","child","adult","midage","under5","","","","A-","N","N","N","A-","A-","C+","B","B+","D+","B+","B-","A-","N","D","A-","A-","A","A","A-","A+","A","A-","B+","A","A","C-","A","A+","A+","A-","A","A-","A","A-","A","N","N","N","N","N","N","N","N","B+","A-","A-","B","A-","A-","A-","B+","B+","B","A-","N","N","N","N","N","N","N","N","N","B","B","B","B","B"
"1020","midage","Age 50-64 years","neonate","infant","child","adult","elder","under5","","","","B-","N","N","N","B+","B+","A-","B","B","D+","B+","B-","A-","D-","C","A-","B-","A","A-","B-","A-","A-","B-","B","A-","A-","C-","A-","A-","A-","A-","A-","B","A-","A-","A-","N","N","N","N","N","N","N","N","A-","B-","B-","B+","B-","B-","B-","B+","A-","A-","A-","N","N","N","N","N","N","N","N","N","B","B","B","B","B"
"1030","adult","Age 15-49 years","neonate","infant","child","elder","midage","under5","","","","B","A+","B","B","B","B","A","B","B","D+","A-","B","A","D","B+","A-","B","B","B","B","B","A-","B","B","B+","B","B-","B","B","C+","A-","A-","B","B+","A-","A-","C","N","N","N","N","N","N","N","A","B","B","A","B","B","B","A","A","A+","A","A+","A+","A+","A+","A+","A+","A+","A+","A+","B","B","B","B","B"
"1040","child","Age 5-14 years","neonate","infant","adult","elder","under5","midage","","","","C+","A+","C","C","B","B","B","C","B+","A-","B","B+","B-","D","A","A-","N","N","N","N","N","D","C+","B+","B-","D+","A-","C","C","D-","B","B","C+","B-","A-","C+","B-","N","N","N","N","N","N","N","B+","C+","C+","A-","C+","C+","C+","B","B-","B-","B+","C","C","C","C","C","C-","D","D","D","B","B","B","B","B"
"1050","under5","Age 1-4 years","neonate","child","adult","elder","infant","midage","","","","B","N","N","N","B+","B+","B+","A","A","A","B+","B+","C","A+","B+","B","N","N","N","N","N","D","B+","A","B-","D","A","D","D+","N","B-","B","C+","B-","B-","D","B+","N","N","N","N","N","N","N","B-","B","B","B+","B","B","B","B-","N","C+","B","N","N","N","N","N","N","N","N","N","B","B","B","B","B"
"1060","infant","Age 1-11 months","neonate","child","adult","elder","under5","midage","","","","B-","N","N","N","A-","A-","C+","A","B+","A","B+","A-","D-","B+","D","B-","N","N","N","N","N","D","D","B","C-","D-","A-","D","D","N","D-","B-","C-","C+","B-","D","A","N","N","N","N","N","N","N","C+","D","C","C+","B-","B-","C","C+","N","C-","C+","N","N","N","N","N","N","N","N","N","B","B","B","B","B"
"1070","neonate","Age <1 month (28 days)","infant","child","adult","elder","under5","midage","","","","B-","N","N","N","N","N","N","B-","D","B-","B+","A","N","N","N","C+","N","N","N","N","N","N","N","D","C-","D-","D","N","D","N","N","C+","N","N","B-","N","A","I","I","I","I","I","I","I","D+","D+","B-","C-","B-","B-","C","C","N","D-","C","N","N","N","N","N","N","N","N","N","B","B","B","B","B"
"1080","male","Male","female","","","","","","","","","A","N","N","N","A","A","A","A","A","A","A","A","A+","A","A","A","A+","A+","A+","N","A-","A","A","A","A","A+","A","A","A","A+","A","A","A+","A","A","A","A","A","A","A","A","A","A","A","A+","A+","A","A+","A","A","A","A","A","A+","A","N","N","N","N","N","N","N","N","N","B","B","B","B","B"
"1090","female","Female","male","","","","","","","","","A","I","I","I","A","A","A","A","A","A","A","A","A-","A","A","A","A","A","A-","I","A+","A","A","A","A","A","A","A","A","A","A","A","A-","A","A","A","A","A","A","A","A","A","A","A","A-","A-","A","A-","A","A","A","A","A","A-","A","I","I","I","I","I","I","I","I","I","B","B","B","B","B"
"1100","magegp1","Woman 12-19 years","neonate","infant","under5","midage","elder","male","magegp2","magegp3","","C","A","B+","B+","D","D","D","D","C-","C-","C","D","D","D","D","C","C","C","C","C","C","D","D","D","D","D","C","D","C","D","C","C","D","D","C","C","N","N","N","N","N","N","N","N","C","C","C","C","C","C","C","C","C","C","D","A-","A+","A-","A-","A","A","A-","A-","A-","B","B","B","B","B"
"1110","magegp2","Woman 20-34 years","neonate","infant","under5","midage","elder","male","magegp1","magegp3","","C","A","B+","B+","C","C","C+","C","C+","C-","C","C","C","C-","C","C","C","C","C","B","C","D","C","C","C","C","C","C","C","C","C","C","C","C","C","C","N","N","N","N","N","N","N","N","C","C","C","C","C","C","C","C","C","C","D","A","A-","A-","A","A-","A","A","A-","A-","B","B","B","B","B"
"1120","magegp3","Woman 35-49 years","neonate","infant","under5","midage","elder","male","magegp1","magegp2","","C","A+","B","B","C","C","C+","C","C","C-","C","C","C+","C-","C","D","B","B-","B-","A","B-","D","C","C","C","B","C","B","B","C","C","C","B","B","C","B","N","N","N","N","N","N","N","N","C","C","C","C","C","C","C","C","C","C","D","B+","A-","A-","A-","A-","A-","A","A","A-","B","B","B","B","B"
"1130","died_d1","Baby died within 24 hours of birth","died_d23","died_d36","died_w1","elder","midage","adult","child","under5","","C","N","N","N","D","D","N","D","N","N","E","E","N","N","N","E","N","N","N","N","N","N","E","E","E","E","E","E","E","N","E","E","E","E","E","E","C","C","C","E","E","C","N","N","D","D","D","D","D","D","D","D","N","D","D","N","N","N","N","N","N","N","N","N","B","B","B","B","B"
"1140","died_d23","Baby died between 24 and 48 hours of birth","died_d1","died_d36","died_d1","elder","midage","adult","child","under5","","C","N","N","N","D","D","N","C","N","N","E","E","N","N","N","E","N","N","N","N","N","N","E","E","E","E","E","E","E","N","E","E","E","E","E","E","C","C","C","D","D","C","N","N","D","D","D","D","D","D","D","D","N","D","D","N","N","N","N","N","N","N","N","N","B","B","B","B","B"
"1150","died_d36","Baby died more than 48 hours from birth, but within first week","died_d1","died_d23","died_w1","elder","midage","adult","child","under5","","C","N","N","N","C","C","N","C","N","N","C","C","N","N","D","C","N","N","N","N","N","N","D","C","D","D","D","D","D","N","D","D","D","D","D","D","C","C","D","A","A","C","N","N","D","D","D","D","D","D","D","D","N","D","D","N","N","N","N","N","N","N","N","N","B","B","B","B","B"
"1160","died_w1","Baby died after the first week, but within first month","died_d1","died_d23","died_d36","elder","midage","adult","child","under5","","C","N","N","N","D","D","N","C","N","N","C+","D","N","N","C","C","N","N","N","N","N","N","D","C","D","D","D","D","D","N","D","D","D","D","D","D","C","C","D","B","B","C","N","N","D","D","D","D","D","D","D","N","N","D","D","N","N","N","N","N","N","N","N","N","B","B","B","B","B"
"1170","acute","Duration of final illness < 3 weeks","chronic","neonate","","","","","","","","A-","A","A","A-","A","A","C","A","A+","A","A+","A","D","B-","A+","A+","D","D","D","D","D","D","D","D","A-","A+","C","A","B","D","A+","A-","A-","A-","A","D","A-","A+","A+","A+","A+","A+","I","I","A+","A+","A+","A+","A+","A+","A+","A+","A+","A+","A+","A+","A","A+","A+","A+","A","A-","A+","A","B","B","B","B","B"
"1180","chronic","Duration of final illness 3 weeks or more","neonate","acute","","","","","","","","B","A","B+","B+","B","B","A+","B+","E","B+","E","C","A","A+","C","C","A+","A+","A+","A+","A+","A+","A","A","A","C","A","B","A","A+","A-","A-","A","A","A","A+","A-","D","N","D","D","C","N","N","C","C","C","D","C","C","C","C","C","C-","C","C","B","C","C","D","B","B","D","A-","B","B","B","B","B"
"1190","sudden","Died suddenly","","neonate","","","","","","","","B","A-","A-","A+","B","B","C+","C","B","B-","A-","C","C","N","B","B","D","D","D","D","D","D","B","C-","C","A+","C","A+","A","D","A","A","C","C","A+","B","B","A","A","B","B","A","I","I","A+","A+","A+","A+","A+","A","A","A-","A-","A+","A+","A","A","A+","A+","A","A-","A-","A","A","B","B","B","B","B"
"1200","wet_seas","Wet season","dry_seas","","","","","","","","","A","A","A","A","A-","A-","A","A-","A+","A-","B","A-","A-","A","A-","A-","A","A","A","A","A","A","A-","A","A-","A-","A","A-","A-","A","A","A-","A-","A-","A-","A-","A-","A","A","A-","A-","A","A","A","A","A","A","A","A","A","A","A","A","A","A","A","A","A","A","A","A","A","A","A","B","B","B","B","B"
"1210","dry_seas","Dry season","wet_seas","","","","","","","","","A","A","A","A","A","A","A","A","B","A","A","A","A","A","A","A","A","A","A","A","A","A","A","A-","A","A","A","A","A","A","A","A","A","A","A","A","A","A","A","A","A","A","A","A","A-","A","A","A-","A","A","A","A","A","A","A","A","A","A","A","A","A","A","A","A","B","B","B","B","B"
"1220","heart_dis","History of heart disease","neonate","","","","","","","","","C+","B","B+","B+","D","D","E","C","D","D","D","D","D","D","D","D-","D-","D-","D-","D-","D-","D-","C+","D","B","A+","D","C","A+","C+","C+","C+","C+","C+","C+","C+","B","C","C","C","C","N","N","N","D","D","D","D","D","D","D","D","D","D","D","C","C","C","C","C","C","B","C","C","B","B","B","B","B"
"1230","tuber","History of tuberculosis","neonate","","","","","","","","","C","C","C","C","D","D","E","D","D","D","D","D","A+","D","D","D-","D","D","E","D","D","D","C","D","C","C","D","C","D","D","D","C","C","C","C","C","D","D","N","D","D","N","N","N","D","D","D","D","D","D","D","D","D","D","D","C","C","C","C","C","C","C","C","C","B","B","B","B","B"
"1240","hiv_aids","History of HIV/AIDS","neonate","","","","","","","","","B","B","B","B","B","A","A+","C","D","C","C","C","C","C","C","D-","B","C","C","C","B","B","B","D","B","B","D","C","D","C","B","B","B","B","B","C","D","D","D","D","D","N","N","N","C","D","D","C","D","D","D","C","B+","C","C","B","B","B","B","B","B-","B","B","C","B","B","B","B","B"
"1250","hypert","History of high blood pressure","neonate","infant","under5","","","","","","","B","B","B","A-","C","C","D","D","D","D","D","D","D","D","C","D-","D-","D-","D-","D-","D-","D-","B","C","B","A-","D","A+","A","C","B","B","B","B","B","C","D","D","D","D","D","N","N","N","B","B","B","B","B","B","B","B","B","B","B","C","C","A+","C","C","C","C","C","C","B","B","B","B","B"
"1260","diabetes","History of diabetes","neonate","","","","","","","","","C","C","C","B","C","C","D","C","C","C","C","C+","D","D-","D","D-","D-","D-","D-","D-","D-","D-","C","D","I","B-","D","C","C","C","C","C","C","C+","C","C","D","D","D","D","D","N","N","N","D","D","D","D","D","D","D","D","D","D","D","C","C","C","C","C","C","C","C","C","B","B","B","B","B"
"1270","asthma","History of asthma","neonate","","","","","","","","","C+","C+","C+","C+","D","C","D","D","D","C+","D","D","C","D","D","D-","E","E","E","E","E","E","C+","D","C+","C+","D","C+","D","D","I","C+","C+","C+","C+","C+","D","D","D","D","D","N","N","N","D","D","D","D","D","D","D","D","D","D","D","C","C","C","C","C","C","C","C","C","B","B","B","B","B"
"1280","epilepsy","History of epilepsy","neonate","","","","","","","","","C-","C-","C-","C-","D","D","D","D","D","D","D","D","D","D","D","D-","D","D","D","D","D","C","C-","D","C-","C-","D","C-","D","C-","C-","C-","C-","C-","I","C-","C","C","D","D","D","D","N","N","D","D","C","D","C","D","D","D","D","D","D","C","C","C","C","C","C","C","C","C","B","B","B","B","B"
"1290","cancer","History of cancer","neonate","infant","","","","","","","","C","C+","C","C","D","D","D","D","D","D","D","D","E","D","D","D-","I","I","I","I","I","I","C","D","D","D","D","D","D","D","D","D","D","D","D","D","D","N","N","N","N","N","N","N","D","D","D","D","D","D","D","D","C","D","D","D","D","D","D","D","D","D","D","C","B","B","B","B","B"
"1300","copd","History of chronic obstructive pulmonary disease","neonate","infant","under5","child","","","","","","B-","B-","B-","B","D","D","D","D","D","D","D","D","D","D","D","D-","E","E","E","E","E","E","C-","D","D","D","D","D","D","A+","B-","C-","C-","C-","C-","C-","N","N","N","N","N","N","N","N","D","D","D","D","D","D","D","D","D","D","D","D","D","D","D","D","D","D","D","C","B","B","B","B","B"
"1310","dement","History of dementia","neonate","infant","under5","child","","","","","","C","B","C","C","D","D","D","D","D","D","D","D","D","D","D","D","C","C","C","C","C","C","C","C","C","C","C","C","C","C","C","C","C","C","C","C","C","N","N","N","N","N","N","N","C","C","C","C","C","C","C","C","B","C","C","C","C","C","C","C","C","C","C","C","B","B","B","B","B"
"1320","depress","History of depression","neonate","infant","under5","child","","","","","","C","B","C","C","D","D","D","D","D","D","D","D","D","D","D","D","C","C","C","C","C","C","C","C","C","C","C","C","C","C","C","C","C","C","C","C","C","N","N","N","N","N","N","N","B","B","B","B","B","C","C","B","A","C","C","C","C","C","C","C","C","C","C","C","B","B","B","B","B"
"1330","stroke","History of stroke","infant","","neonate","under5","","","","","","C+","C+","C+","C+","C+","C+","D","D","D","D","D","D","D","D","D","D-","D-","D-","D-","D-","D-","D-","C+","D","C+","C+","B","I","D","C+","C+","C+","C+","C+","C-","C-","C+","D","D","D","D","N","N","N","D","D","D","D","D","D","D","D","D","D","D","D","D","B","D","D","D","D","D","C","B","B","B","B","B"
"1340","sickle","History of sickle cell disease","neonate","","","","","","","","","C-","C-","C-","C","C-","C-","D","C-","D","C-","C-","D","D","D-","D","D-","D","D","D","D","D","D","C-","D","C-","C-","A+","C+","D","C-","C-","C-","C-","C-","C-","C-","D","D","D","D","D","N","N","N","D","D","D","D","D","D","D","D","D","D","D","C","C","C","C","C","C","C","C","C","B","B","B","B","B"
"1350","kidney_dis","History of kidney disease","neonate","infant","","","","","","","","C-","C-","C","C","D","D","D","D","D","D","D","D","D","D-","D","D-","D","D","D","D","D","D","C-","D","C","C-","D","C","D","C-","C-","C-","C-","I","C-","C-","D","D","D","D","D","N","N","N","D","D","D","D","D","D","D","D","D","D","D","C","C","C","C","C","C","C","C","C","B","B","B","B","B"
"1360","liver_dis","History of liver disease","neonate","infant","under5","","","","","","","C-","C-","C","C","D","D","D","D","D","D","D","D","D","D","D","D-","D","B","D","D","D","C","C-","C-","C-","C-","C+","C-","D","C-","C-","C-","I","C-","C-","C-","D","D","D","D","D","N","N","N","D","D","D","D","D","D","D","C-","D","D","C","C","C","C","C","C","C","C","C","C","B","B","B","B","B"
"1370","measles","History of measles","midage","","","","","","","","","C-","C-","C-","C-","B+","B+","D","B+","D","A+","D","D","D","D","D","D-","D","D","D","D","D","D","C-","C","C-","D","D","D","D","C-","C-","C-","C-","C-","C-","C-","D","N","N","N","N","N","N","N","D","D","D","D","D","D","D","D","D","D","D","D","D","D","D","D","D","D","D","D","B","B","B","B","B"
"1380","men_con","History of mental confusion","neonate","infant","under5","child","","","","","","B-","B-","C","C","D","D","D","D","D","D","D","D","D","D","D","D","D","D","D","D","D","C","C+","C","D","D","D","B","C+","C-","C-","C-","C-","C-","C-","A","N","N","N","N","N","N","N","N","C","D","D","D","D","D","D","C","D","D","D","D","D","D","D","D","D","D","D","D","B","B","B","B","B"
"1390","mencon3","Mental confusion for more than 3 months","neonate","infant","under5","child","","","","","men_con","B-","B-","C","C","D","D","D","D","D","D","D","D","D","D","D","D","D","D","D","D","D","C","C","C","C","C","C","C","C","C","C","C","C","C","C","C","N","N","N","N","N","N","N","N","C","C","C","C","C","C","C","C","C","C","C","C","C","C","C","C","C","C","C","C","B","B","B","B","B"
"1400","malaria","Recent positive test for malaria","neonate","malarneg","","","","","","","","C+","C+","C+","B-","E","D","D","C","A+","D","D-","D","D","D","D","D-","D","D","D","D","D","D","C+","C-","C-","C-","D","D","D","C-","C-","C-","C","C-","C-","C-","C-","D","D","D","D","N","N","N","D","D","D","D","D","D","D","D","D","D","C","D","D","D","D","D","D","D","D","D","B","B","B","B","B"
"1410","malarneg","Recent negative test for malaria","neonate","malaria","","","","","","","","B","B","B-","B-","B","B","B","B","D","B","C","C","C","C","B+","B+","D","D","D","D","D","D","A-","B+","B","B","B+","B","B","B","B","B","B","B","B","C","D","D","D","D","D","N","N","N","B","B","B","B","B","B","B","B","B","B","B","B","B","B","B","B","B","B","B","B","B","B","B","B","B"
"2000","fever","Fever of any kind","","","","","","","","","","B","B","B","B","A","A","B+","C","A+","A","A+","B+","B+","B+","A+","A","C","C","C","C","C","C-","C","C","C","C+","C+","C+","C+","D","D","A-","C","C","C","C","D","D","D","A","A","C","N","N","C","D","D","D","D","C","D","D","D","D","D","C","B","C","C","C","A","C","C","C","B","B","B","B","B"
"2010","ac_fever","Fever lasting < 2 weeks","ch_fever","","","","","","","","fever","B+","A-","A","A","A+","A+","C","B+","I","A","A+","A-","C","C","I","A+","B","B","B","B","B","B","C","C","C","B","B","B","B","C","D","A-","C","B","C","B","D","D","D","A","A","D","N","N","B+","B","B","D","D","C","D","D","D","D","D","A","A","B","B+","B","A+","B","B","C","B","B","B","B","B"
"2020","ch_fever","Fever lasting 2 weeks or more","ac_fever","","","","","","","","fever","B","B","B","B","C","C","A-","B-","B-","B-","C","B+","A","A","B","A-","B","B","B","B","B","B","B","B","B","B","B","B","B","C","C","B","B","B","B","B","B","D","D","B","B","N","N","N","D","D","D","D","D","D","D","D","D","D","D","C","C","C","C","C","C","C","C","C","B","B","B","B","B"
"2030","night_sw","Night sweats","neonate","infant","","","","","","","fever","C-","C-","C","C","C-","C-","C+","D","C+","D","D","D","A","D","D","D","B","B","B","B","B","B","C-","C-","C-","C-","C-","C-","C-","C-","C-","C-","C-","C-","C-","C-","N","N","N","D","D","N","N","N","D","D","D","D","D","C-","D","C-","D","D","D","D","C","D","D","D","C","D","D","D","B","B","B","B","B"
"2040","cough","Cough of any kind","","","","","","","","","","B","B","B","B","B-","A","A","C","A-","A-","C","C","A+","A+","C","B","D","D","A","C-","D","B","A","B","C","C","B","C","A-","I","C","C","C","C","C","B","D","D","B-","A","D","C","N","N","D","D","D","D","D","D","D","D","D","D","D","C","C","C","C","C","C","C","C","C","B","B","B","B","B"
"2050","ac_cough","Cough lasting < 3 weeks","ch_cough","","","","","","","","cough","B+","B+","B+","B+","B-","A+","C","B","A-","A-","D","C","C","A-","C","B+","B+","C","C","B+","C","C","A","C","B+","A-","C","A-","B+","B","A+","B+","B+","B+","B+","B+","D","D","C-","B+","D","C","N","N","D","D","D","D","D","D","D","D","D","D","D","D","D","D","D","D","C","D","D","D","B","B","B","B","B"
"2060","ch_cough","Cough lasting 3 weeks or more","neonate","ac_cough","","","","","","","cough","B","B","B","B","D","C","A-","C","C","C","D","C","A+","A+","D","B+","B-","B-","A","B-","B-","B","B","B+","B","B","B","B+","A-","I","B","B","B","B","B","B","D","D","D","C","D","N","N","N","D","D","D","D","D","D","D","D","D","D","D","D","D","D","D","D","D","C","D","D","B","B","B","B","B"
"2070","pr_cough","Productive cough with sputum","neonate","infant","","","","","","","cough","B-","B-","B-","B-","D","A","B","C","C","C+","D","C","A","A","D","B-","B-","B","B","B-","B","B-","B-","C","B-","B","C","C","C","A+","A-","B-","B-","B-","B-","B-","D","D","D","N","N","D","N","N","D","D","D","D","D","D","D","D","D","D","D","D","D","D","D","D","D","D","D","D","B","B","B","B","B"
"2080","bl_cough","Coughed blood","neonate","infant","","","","","","","cough","C+","C+","C+","C+","D","C","B-","D-","D-","D-","D-","D-","A","D-","C+","D","C+","B","A","C+","B","B-","C+","C","C+","C+","C","C+","C","B-","C+","C+","C+","C+","C+","C+","D","D","D","D","D","D","N","N","B","B","C","D","D","D","D","C+","D","D","D","D","D","D","D","D","D","D","D","D","B","B","B","B","B"
"2090","whoop","Whoop","elder","midage","adult","","","","","","cough","D","D","D","D","E","E","E","E","E","E","E","E","E","I","E","E","D","D","D","D","D","D","D","D","D","D","D","D","D","D","D","D","D","D","D","D","N","N","N","N","N","N","N","N","D","D","D","D","D","D","D","D","D","D","D","D","D","D","D","D","D","D","D","D","B","B","B","B","B"
"2100","breath","Breathing problem of any kind","","","","","","","","","","B","B","B","B","D","A+","B+","D","A-","A-","C","D","A+","A+","C","B","C","C","A","B","C","B","A-","C","C","C","C","C","B","A+","A+","C","C","C","C","B","C","C","A+","A","D","B","N","N","C","C","D","C","C","A-","C","C","D","D","D","C","C","C","C","C","C","B","C","C","B","B","B","B","B"
"2110","rapid_br","Fast Breathing","","","","","","","","","breath","B+","A+","D","D","C","A+","B","D","A-","A-","B+","B+","B","B","B+","B+","D","D","D","B","C","D","B","B","C-","C","C+","C-","C","B","C","C","C","C","C","C","B","D","B","A","D","D","N","N","D","D","D","D","C","C","D","C","D","D","D","D","D","D","D","D","D","D","D","D","B","B","B","B","B"
"2120","ac_rpbr","Fast breathing lasting < 2 weeks","","","","","","","","","rapid_br","B","A+","D","D","B-","A","D","D","A-","A-","B+","D","D","C","D","B+","D","D","D","B","C","D","B+","B","D","C","B","C-","B","B","B","C","C","C","C","C","B","D","B","A","D","D","N","N","D","D","D","D","C","C","D","C","D","D","D","D","D","D","D","D","D","D","D","D","B","B","B","B","B"
"2130","ch_rpbr","Fast breathing lasting 2 weeks or more","neonate","","","","","","","","rapid_br","B","A+","D","D","D","B","B+","D","D","D","E","C","C","B","C","C","D","D","D","B","C","D","B-","C+","C-","D","C","D-","B+","B","D","C","C","C","C","C","C","D","N","N","N","D","N","N","D","D","D","D","D","D","D","D","D","D","D","D","D","D","D","D","D","D","D","D","B","B","B","B","B"
"2140","br_less","Breathlessness","","","","","","","","","breath","B+","B+","B+","A-","B","A","B","D","B+","B","B","B","A+","B","C","B+","B","B","A","B","B","B","B","C+","C","B","C","C","B","I","B","C","C","C","C","C","C","D","A","A","D","D","N","N","C","C","C","C","C","C","D","C","D","D","D","C","C","C","C","C","C","C","C","C","B","B","B","B","B"
"2150","ac_brl","Breathlessness lasting < 2 weeks","","","","","","","","","br_less","B","B","B","B+","B","A","D","D","B+","B","B","B","C","C","C","B+","B","B","A-","B+","B","B","A-","C+","D","B+","C+","B-","B-","D","B+","D","D","D","D","D","C","D","A","A","D","D","N","N","D","D","D","D","C","C","D","C","D","D","D","C","C","C","C+","C","C","B","C","C","B","B","B","B","B"
"2160","ch_brl","Breathlessness lasting 2 weeks or more","neonate","","","","","","","","br_less","B","B","B","B+","C","C","B+","D","D","D","E","D","A+","B","D","C","D","D","A+","D","D","C","B","C+","C","D","C-","D","B+","I","D","D","D","D","D","C","C","D","N","N","N","D","N","N","D","D","D","D","D","D","D","D","D","D","D","C","C","C","C","C","C","B-","C","C","B","B","B","B","B"
"2170","exert_br","Unable to do daily routine due to breathlessness","neonate","","","","","","","","br_less","C","C","C","C+","C","C","C+","D","D","D","D","D","C+","D-","D","D","C","C","A-","C","C","C+","C","C","C","B","B","C","A+","I","A","C","C","C","C","C","D","D","N","N","N","D","N","N","D","D","D","D","D","D","D","D","D","D","D","D","D","D","C+","D","C","C+","D","D","B","B","B","B","B"
"2180","lying_br","Breathless while lying flat","neonate","infant","","","","","","","br_less","C","C","C","C+","C","C","C","D","D","D","D","D","C","D-","D","D","C","C","A-","C","C","C","C","C","C","B","C","C","A+","A+","A+","C","C","C","C","C","D","D","N","N","N","D","N","N","D","D","D","D","D","D","D","D","D","D","D","D","D","D","C","D","C","C+","D","D","B","B","B","B","B"
"2190","chest_in","Chest indrawing","adult","","midage","elder","","","","","breath","C-","D","D","D","C","A","C-","D","D","D","D","D","C-","C","D","C-","N","N","N","N","N","N","C-","C-","C-","C-","C-","C-","C-","C-","C-","C-","C-","C-","C-","C-","C-","C-","B","A","B","C+","N","N","D","D","D","D","D","D","D","D","D","D","D","D","D","D","D","D","D","D","D","D","B","B","B","B","B"
"2200","wheeze","Grunting or wheezing","","","","","","","","","breath","C","C","C","C","C","C","C","D","C+","D","D","D","C","B","C","B","C","C","A","C","C","C","C","C","C","D","C","C","D","A","I","C","C","C","C","C","C","C","C-","A","C","B","N","N","D","D","D","D","D","D","D","D","D","D","D","D","D","D","D","D","D","D","D","D","B","B","B","B","B"
"2210","ch_pain","Severe chest pain","neonate","infant","","","","","","","","B","B-","B+","B+","B","B","C+","D","B","B","C","B","B","B","B","C","B","B-","A","B","B-","B+","C","B-","C","A+","B+","C","A-","D","D","D","D","D","D","B","D","N","N","N","N","N","N","N","B+","B+","C","D","C","C","C","D","D","D","D","D","D","D","D","D","D","C","D","D","B","B","B","B","B"
"2220","yellow","Yellow discolouration of eyes","","","","","","","","","","C","C","C","C","C","C","C","C","B","C","C","C","C","C","C","B","C","A","B","C","C","A","C","B-","C","D","B+","D","D","D","D","C+","A+","C","D","C","C","B-","C-","C","C","C-","D","D","D","D","D","D","D","D","D","C","D","D","D","C","C","C","C","C","B","C","C","C","B","B","B","B","B"
"2230","diarr","Diarrhoea of any kind","","","","","","","","","","B","B","B","B","C","C","A-","I","C","B","C","C","C","C","C","B","C","A-","D","C","A","B","C","A","C","C","C","C","C","C","C","B","B","C","C","A","C","C","C","C","C","C+","N","N","C","C","C","C","C","C","C","B","C","C","C","C","C","C","C","C","C","C","C","C","B","B","B","B","B"
"2240","ac_diarr","Diarrhoea lasting < 2 weeks","ch_diarr","pe_diarr","","","","","","","diarr","B+","B+","B+","B+","C","C","C+","I","B","B","C","C","C","C","B","B-","B-","A-","E","C+","C+","C","B-","B","B","C","B","B+","C","C","B-","B+","B-","B-","B+","C","B-","C","C","B+","B+","C-","N","N","C","C-","C-","C-","C-","C+","C","C+","C","C","C","C","C","C","C","C","C","C","C","C","B","B","B","B","B"
"2250","pe_diarr","Diarrhoea lasting at least 2 weeks but< 4 weeks","ac_diarr","ch_diarr","","","","","","","diarr","B-","B-","B-","B-","C","C","B-","I","C","C","C","C","C","C","D","B-","B-","A-","D","C+","C+","C","B-","A-","B-","C","B-","B-","C","C","B-","B","B-","B-","B-","B+","B-","C","D","B-","B-","N","N","N","C","C","C","C","C","C","C","C","C","C","C","C","C","C","C","C","C","C","C","C","B","B","B","B","B"
"2260","ch_diarr","Diarrhoea lasting 4 weeks or more","neonate","ac_diarr","pe_diarr","","","","","","diarr","B","B","B","B","C","C","A","I","C","C","C","C","C","C","D","B","B","A","D","C+","C+","C","B","A","B","C","B","B","C","C","B","B+","B","B","B","B+","B","C","D","B","B","N","N","N","C","C","C","C","C","C","C","C","C","C","C","C","C","C","C","C","C","C","C","C","B","B","B","B","B"
"2270","bl_diarr","Blood in stools","","","","","","","","","diarr","C","C","C","C","C","C","C+","I","C","C","C","C","C","C","B","D","C","A-","D","C","C","C","C","C","C","C","C","C","C","C","C","B","C","C","C","C","D","D","D","D","D","C-","N","N","D","D","D","D","D","D","D","D","D","D","D","D","D","D","D","D","D","D","D","D","B","B","B","B","B"
"2280","vomiting","Vomiting","","","","","","","","","","B+","B+","B+","B+","A-","A-","A-","A","A-","B","A","B+","B+","A+","A-","A-","B+","A-","C","B+","B","B+","B+","C","B+","A-","B+","A-","B+","C","B+","A-","A-","C","C","B+","B+","C","C","B+","B+","C","N","N","B","B","B","B","D","B","D","A","B+","B+","A-","B","B","B","B","B","B-","B","B","B","B","B","B","B","B"
"2290","bl_vomit","Vomiting ""coffee grounds"" or blood","","","","","","","","","vomiting","C","C","C","C","D","D","C","C","C","C","C","C","C","C","A","C","C","A-","C","C","C","C","C","D","C","C","C","C","C","C","C","B","B","D","D","B","D","D","D","D","D","D","N","N","C","C","D","D","D","D","D","D","D","D","D","D","D","D","D","D","D","D","D","D","B","B","B","B","B"
"2300","abdom","Any abdominal problem","","","","","","","","","","B","B","B","B","C","D","C","A","C","C","C","C","D","C","C","B","C","A","C","C","A","B+","C","C","C","C","C","C","C","D","C","I","A","A","C","B+","C","D","D","D","D","B","N","N","C","C","C","C","C","C","C","C","C","C","B","A","A","C","C","C","A","C","A","A+","B","B","B","B","B"
"2310","abd_pain","Severe abdominal pain","neonate","infant","","","","","","","abdom","B+","B","B+","B","C","D","B-","A","A-","B","C","B+","D","B+","A","A-","C","A","D","B","A+","C","B","A-","B","B","B+","B","C","D","C","A+","A","A-","C","B","D","N","N","N","N","N","N","N","B","B","C","D","D","B","D","A-","B","B","B","A+","A+","B-","B","A+","B+","B-","A+","A","B","B","B","B","B"
"2320","ac_abdp","Severe abdominal pain lasting < 2 weeks","neonate","infant","","ch_abdp","","","","","abd_pain","B","B-","B+","B+","B","D","B-","A+","A","B","C","B-","D","D","A","B+","C+","B","D","D","B","B","B","B","B-","B+","B","B","C","D","C","I","B+","A","C","C","D","N","N","N","N","N","N","N","B+","B+","B","D","D","B","D","A","B","B","B","A+","A+","B-","B+","A+","A-","B-","A+","A+","B","B","B","B","B"
"2330","ch_abdp","Severe abdominal pain lasting 2 weeks or more","neonate","infant","","ac_abdp","","","","","abd_pain","B-","C+","B+","B+","D","D","B-","C","C","C","C","C","D","D","C","C","D","A+","D","D","A+","D","B","A-","B","C","A-","C","C","D","D","A-","A","B","C","B","D","N","N","N","N","N","N","N","D","D","D","D","D","D","D","D","C","C","B","C","C","B-","C","D","C","C","C","C","B","B","B","B","B"
"2340","swe_abd","Abdominal distension","","","","","","","","","abdom","C","C","B","B","D","D","C","B","C+","C","D","C","D","D","B","C","D","B","D","C","B","C","C","C","C","D","C","D","D","D","D","A","A-","C","D","C","C","D","D","D","D","C","D","D","D","D","D","D","D","D","D","D","D","D","D","B","B+","D","C","C","C","D","C","C","B","B","B","B","B"
"2350","ac_swab","Abdominal distension lasting < 2 weeks","ch_swab","","","","","","","","swe_abd","C","C","B","C","D","D","C-","B","C","C","D","D","D","D","B","C","D","C","D","D","C","D","C","B+","C","D","C","D","D","D","D","A","B","C","D","D","D","C","D","D","D","C","D","D","D","D","D","D","D","D","D","C","D","D","D","B","B+","D","C","C","C","D","C","C","B","B","B","B","B"
"2360","ch_swab","Abdominal distension lasting 2 weeks or more","ac_swab","neonate","","","","","","","swe_abd","C","C","C","B","D","D","C+","D","C-","C","D","D","D","D","C","C","D","A","D","C","B+","B","C","C","C","D","B-","D","D","D","D","C","A-","C","D","C","C","D-","D","D","D","D","N","N","D","D","D","D","D","D","D","D","D","D","D","D","D","D","D","D","D","D","D","D","B","B","B","B","B"
"2370","abd_mass","Mass in the abdomen","neonate","","","","","","","","abdom","C-","C-","C+","C+","D","D","C+","C","C-","C-","D","D","D","D","C","C-","D","A","D","C-","A+","C","C-","C-","C-","D","C-","D","D","D","D","A-","B+","C+","D","C","C-","D","D","D","D","C","D","D","D","D","D","D","D","D","D","D","D","D","D","B","C","D","D","C","D","D","C","D","B","B","B","B","B"
"2380","ac_abdm","Abdominal mass lasting < 2 weeks","ch_abdm","neonate","","","","","","","abd_mass","C-","C-","B-","C+","D","D","C-","C","C","C-","D","D","D","D","C","C-","D","C","D","D","B","D","C-","C-","C-","D","C-","D","D","D","D","A-","B","C+","D","D","D","C","D","D","D","C","D","D","D","D","D","D","D","D","D","D","D","D","D","B","C","D","D","C","D","D","C","D","B","B","B","B","B"
"2390","ch_abdm","Abdominal mass lasting 2 weeks or more","ac_abdm","neonate","","","","","","","abd_mass","C-","C-","C","C+","D","D","B-","C","C-","C-","D","D","D","D","D","C-","D","A","D","C","A+","B","C-","C-","C-","D","C+","D","D","D","D","C","A-","C+","D","C","C-","D-","D","D","D","D","N","N","D","D","D","D","D","D","D","D","D","D","D","C","D","D","D","D","D","D","D","D","B","B","B","B","B"
"2400","headache","Headache","neonate","infant","","","","","","","","A-","A-","A-","A","A-","A-","A","A-","A+","B","A+","A-","B","B","A-","A","B","C","C","C","C","B+","A","A-","A-","A-","B","A","B","B","A-","A-","A-","A-","A","A-","B","N","N","N","N","N","N","N","B","B","B","B","B","B","B","B","B","B","B","B","B","A","B","C","B","C","C","C","B","B","B","B","B"
"2410","skin","Any skin problems","","","","","","","","","","B","B","B","B","C","C","B","C","C","A+","B","C","C","C","B","A","C","C","D","C","C","B","C","B","A","C","C","C","B","D","C","C","C","C","C","B","C","C","D","D","D","B","N","N","D","D","D","D","A","D","D","D","D","D","B","C","C","C","C","C","C","C","C","C","B","B","B","B","B"
"2420","skin_les","Ulcers, abscess, sores anywhere except feet","","","","","","","","","skin","C","C","C","C","C","C","B+","C","C","C","C","C+","C","C","C","C","C","C","D","C","C","B","C","A","B+","C","C","C","C","D","C","C","C","C","C","C","C","C","D","C","C","C","D","D","B+","B+","C","D","A","C","D","C+","D","D","B+","D","D","D","D","D","D","D","D","D","B","B","B","B","B"
"2430","sk_feet","Ulcers, abscess, sores on feet","","","","","","","","","skin","C","C","C","C","D","D","D","D","D","D","D","D","D","D","D","C","D","D","D","D","D","D","C","B-","A+","D","C","D","D","D","D","D","D","D","D","D","D","D","D","D","D","D","D","D","D","D","D","D","D","D","D","D","D","D","D","C","C","C","C","C","C","C","C","C","B","B","B","B","B"
"2440","rash","Any skin rash (non-measles)","","","","","","","","","skin","C","C","C","C","C","C","B","D","D","D","A","D","D","D","A","C+","D","D","D","D","D","C","C","B","C","D","C","C","C","D","C","D","C","C","D","C","D","D","D","C","C","C-","D","D","D","D","D","D","D","D","D","B+","D","D","C","D","D","D","D","D","C","D","D","D","B","B","B","B","B"
"2450","ac_rash","Skin rash lasting < 1 week","ch_rash","","","","","","","","rash","C","C","C","C","B","C+","D","D","D","D","A","D","D","D","A","B-","D","D","D","D","D","D","C","B-","C","D","C","C","C","D","C","D","D","D","D","D","D","D","D","C","C","C","D","D","D","D","D","D","D","C","D","C","D","D","D","D","D","D","D","D","C","D","D","D","B","B","B","B","B"
"2460","ch_rash","Skin rash lasting 1 week or more","ac_rash","","","","","","","","rash","C","C","C","C","D","C-","B+","D","D","D","C","D","D","D","C","D","D","D","D","D","D","C","C","B+","C","D","B","C","C+","D","C","D","C","C","D","C","D","D","D","D","D","D","D","D","D","D","D","D","D","D","D","D","D","D","D","D","D","D","D","D","C","D","D","D","B","B","B","B","B"
"2470","measrash","Measles rash","","","","","","","","","skin","C-","C-","C-","C-","E","D","E","E","E","I","E","E","E","E","E","E","E","E","E","E","E","E","D","C+","D","E","C-","D","E","E","E","E","E","E","E","E","E","E","E","E","E","E","N","N","D","D","D","D","D","D","D","D","D","D","D","D","D","D","D","D","D","D","D","D","B","B","B","B","B"
"2480","herpes","Shingles/herpes zoster","neonate","infant","","","","","","","skin","C-","C-","C-","C-","D","D","A","D","D","D","D","D","D","D","D","D","D","D","D","D","D","D","C-","D-","C-","C-","C-","C-","C-","D","C-","C-","C-","C-","C-","C-","D","N","N","N","N","N","N","N","D","D","D","D","D","D","D","D","D","D","D","D","D","D","D","D","D","D","D","D","B","B","B","B","B"
"2490","stiff_neck","Stiff or painful neck","neonate","","","","","","","","","C-","C-","C-","C-","D","D","D","D","D","D","I","B","D","D","D","D","B","D","D","D","D","D","C-","C-","C-","C-","C-","C-","C-","D","D","D","D","D","D","D","D","N","N","N","N","N","N","N","C","C-","C-","D","D","D","D","D","C-","C-","C-","D","D","D","D","D","D","D","D","D","B","B","B","B","B"
"2500","ac_stnk","Stiff or painful neck lasting < 1 week","neonate","ch_stnk","","","","","","","stiff_neck","C-","C-","C-","C-","D","D","D","D","D","D","I","A","D","D","D","C","D","D","D","D","D","D","C-","C-","C-","C-","C-","B","C-","D","D","D","D","D","D","D","D","N","N","N","N","N","N","N","C+","C","C-","D","D","D","D","D","C-","C-","C-","D","D","D","D","D","D","D","D","D","B","B","B","B","B"
"2510","ch_stnk","Stiff or painful neck lasting 1 week or more","neonate","ac_stnk","","","","","","","stiff_neck","C-","C-","C-","C-","D","D","D","D","D","D","C","C","D","D","D","C","B","D","D","D","D","D","C-","C-","C-","C-","C","C","C-","D","D","D","D","D","D","D","D","N","N","N","N","N","N","N","D","D","D","D","D","D","D","D","D","D","D","D","D","D","D","D","D","D","D","D","B","B","B","B","B"
"2520","coma","Unconscious for at least 24 hours before death","neonate","","","","","","","","","B","B","B","B","B-","B-","B","B-","A-","B","A-","A-","B-","B-","A-","B","B-","B-","B-","B-","B-","B-","B","B","A+","B","B","A-","B","C","B","B","A-","A-","A-","B","B","D","D","D","D","D","N","N","B+","B","B","B","B","B","B","A-","B","B+","B+","B-","B-","B-","C+","C+","B+","C+","B-","B","B","B","B","B","B"
"2530","co_ons","Unconsciousness started suddenly","neonate","","","","","","","","coma","C","C","C","C","D","D","D","D","D","D","B","D","D","D","D","D","D","D","D","D","D","D","D","D","B","A","D","A","D","D","C","D","D","D","A","D","D","D","C","D","D","D","N","N","B","B","B","C","C","D","D","D","D","D","D","D","D","A","C","D","D","D","D","D","B","B","B","B","B"
"2540","convul","Convulsions","","","","","","","","","","C+","C+","C+","B","B","C+","B-","C","B+","C","A-","C+","C","C","B+","B-","C","C","C","C","C","C","C","B-","B-","C","C+","B-","C","D","C+","C","C","C","I","C","C","A","B","C","C","C","N","N","C+","C+","C+","B-","C+","C+","C+","B-","C+","C","B-","D","D","A","D","D","D","D","D","C","B","B","B","B","B"
"2550","ac_conv","Convulsions lasted less than 10 minutes","ch_conv","","","","","","","","convul","C","C+","C+","B","B","C+","B-","C","B+","C","B","C+","C","C","B+","B","C","C","C","C","C","C","C","B","B","B","B-","B","C","D","B","C","C","C","A","C","C","A","B","C","C","C","N","N","C+","C+","C+","C+","C+","C+","C+","B-","C+","C","C","D","D","B","D","D","D","D","D","D","B","B","B","B","B"
"2560","ch_conv","Convulsions lasted 10 minutes or more","ac_conv","","","","","","","","convul","C","C+","C+","B","B","C+","B-","C","B+","C","A","B","C","C","C","C","C","C","C","C","C","C","C","B-","C","D","C","C","C","D","C","C","C","C","A+","C","C","B","C","C","C","C","N","N","C+","C+","C+","C+","C+","C+","C+","C","C","C","C","D","D","A+","D","D","D","D","D","D","B","B","B","B","B"
"2570","unc_con","Became unconscious immediately after convulsions","neonate","","","","","","","","convul","C","C+","C+","B-","B","C","C","C","C","C","B","C","C","C","C","C","C","C","C","C","C","C","C","C","B","B","C","B","C","D","C","C","C","C","A","C","C","B","C","C","C","C","N","N","C+","C+","C+","C+","C+","C+","C+","C","C","C","C","D","D","A","D","D","D","D","D","D","B","B","B","B","B"
"2580","urine","Urine problems","neonate","","","","","","","","","B","B","B","B","B","C","C","C","C","C","C","C","C","C","B","A","C","C","C","C","B","B","C","C","C","C","C","C","C","D","C","C","C","A+","C","B","C","D","D","D","D","B","N","N","D","D","D","D","D","D","D","D","D","D","C","C","C","C","C","C","C","C","C","C","B","B","B","B","B"
"2590","uri_ret","No urine at all","neonate","","","","","","","","urine","C-","C-","C-","C-","C-","C-","C-","C-","C-","C-","C-","C-","C-","C-","C-","B","C-","C","C","C-","B+","C","C-","B","C-","C-","C-","C-","C-","D","C-","C-","C-","B+","C-","C-","C-","D","D","D","D","C","N","N","D","D","D","D","D","D","D","D","D","D","D","D","D","D","D","D","D","D","D","D","B","B","B","B","B"
"2600","exc_urine","Increased frequency of urination","neonate","infant","","","","","","","urine","C","C","C","C+","C","C","C","C","C","C","C","C","C","C","C","B","C","C-","C-","C","C-","C-","C","C","A+","C","C","C","C","D","C","C","C","D","C","C","C-","D","D","D","D","D","N","N","D","D","D","D","D","D","D","D","D","D","D","D","D","D","D","D","D","D","D","D","B","B","B","B","B"
"2610","uri_haem","Blood in the urine","neonate","","","","","","","","urine","C-","C-","C-","C-","C-","C-","C","C-","C-","C-","C-","C-","C-","C-","A","C","C-","C","C","C-","B+","C+","C-","C-","C-","C-","C-","C-","C-","D","C-","C-","C-","B+","C-","C-","C-","D","D","D","D","C","N","N","D","D","D","D","D","D","D","D","D","D","D","C","C","D","C","D","C","D","C","D","B","B","B","B","B"
"2620","wt_loss","Weight loss","neonate","","","","","","","","","A-","A-","B","B","B-","B-","A-","A+","B","B","B","A-","A","D-","A-","A-","A","A","A","A","A","A","B","I","A-","B-","A","B","D","D","D","C","B","B","C","B","B+","B+","D","C","C","D","N","N","A-","A-","A-","A-","A-","A-","A-","A-","A-","A-","A-","C","C","C","C","C","C","C","C","C","B","B","B","B","B"
"2630","wasting","Became very thin or wasted","neonate","","","","","","","","wt_loss","C","A+","B-","B-","D","D","A","A-","C","B","E","D","A","E","E","E","A","A","A","A","A","A","D","I","E","D","D","C","D","D","E","E","D","D","D","C","N","N","N","E","E","N","N","N","E","E","E","E","E","E","E","E","E","E","D","E","E","E","E","E","E","E","E","D","B","B","B","B","B"
"2640","or_cand","Sores or white patches in the mouth or tongue","neonate","","","","","","","","","C","C+","C+","C+","D","D","A-","C","D","C","D","D","D","D","C","C","C+","C","C","C","C","C+","C+","D","C+","D","D","D","D","D","D","D","D","D","C+","C+","C+","D","D","D","D","D","N","N","D","D","D","D","D","D","D","D","D","D","D","D","D","D","D","D","D","D","D","D","B","B","B","B","B"
"2650","rigidity","Stiffness of whole body or unable to open mouth","neonate","","","","","","","","","D","C-","C-","C-","D","D","D","D","D","D","C+","I","D","D","C-","C-","D","D","D","D","D","D","D","D","D","D","D","C+","D","D","D","D","D","D","C+","D","C-","D","D","D","D","D","N","N","D+","D+","D","D","D","C-","D+","C-","C-","C-","C","D","D","C","D","D","D","D","D","D","B","B","B","B","B"
"2660","swell","Lumps/swellings","neonate","","","","","","","","","C","C+","C","C","D","D","C","D","D","D","D","D","C","D","D","C","A","B","C","A","A","A","C","C","D","D","D","D","D","D","D","C","B","C","D","C","C","N","N","D","D","C","N","N","C","C","C","D","D","C","D","D","D","C","B","C","C","C","C","C","C","C","C","C","B","B","B","B","B"
"2670","swe_oral","Lumps/swelling in the mouth","neonate","infant","","","","","","","swell","C","C+","C","C","D","D","C","D","D","D+","D","D+","D","D-","C","D","I","D","D","D","D","D","D","D","D","D","D","D","D","D","D","D","D","D","D","D","C","D","D","D","D","D","N","N","D","D","D","D","D","D","D","D","D","D","D","C","C","C","C","C","C","C","C","C","B","B","B","B","B"
"2680","swe_neck","Lumps/swelling in the neck","neonate","infant","","","","","","","swell","D+","C+","D","D","C+","C+","A-","D","D","C+","C+","C+","B","D-","D+","A","A","A","D","D","D","C","D","C+","D","D","D","D","D","D","D","D","D","D","D","D","C+","D","D","D+","D+","N","N","N","D","D","D","D","D","D","D","D","D","D","D","C","B","C","C","C","B","C","C","C","B","B","B","B","B"
"2690","swe_armp","Lumps/swelling in the arm pit","neonate","","","","","","","","swell","D+","C","C","C","D","D","C","D+","D","D+","D","D+","C","D+","D+","D+","C","D-","C","A+","C","B","D","D+","D","D","D","D","D","D","D","D","D","D","D","D+","D","N","N","D","D","N","N","N","D","D","D","D","D","D","D","D","D","D","D","D+","D+","D+","D+","D+","D+","D+","D+","D+","B","B","B","B","B"
"2700","swe_breast","Lumps/swelling in the breast","neonate","infant","male","under5","child","","","","swell","C-","C-","B+","B","D-","D-","D","D-","D-","D-","D-","D-","D-","D-","D-","D-","E","E","E","I","E","E","D-","D-","D-","D-","D-","D-","D-","D-","D-","D-","D","D-","D-","D-","D-","N","N","N","N","N","N","N","D","D","D","D","D","D","D","D","D","D","D","C","C","C","C","C","C","C","C","C+","B","B","B","B","B"
"2710","swe_gen","Lumps/swelling in the groin","neonate","infant","","","","","","","swell","C","B","B","B","D","D","C","D","D","D","D","C-","D+","N","C","C+","D","D-","E","D","I","D","D","D","D","D","D","D","D","D","D","D","D","D","D","D","D","N","N","N","N","N","N","N","D","D","D","D","D","D","D","D","D","D","D","C","C","C","C","C","C","C","C","C","B","B","B","B","B"
"2720","swe_oth","Swelling of the face (puffiness of face)","neonate","infant","","","","","","","","C-","C","B","B","C-","C-","C-","C-","C-","C-","C-","C-","C-","C-","C-","C-","C-","D","D","C-","D","D","C-","C-","C-","D","C-","D","C-","D","D","D","A-","A","D","D","D","D","D","D","D","D","N","N","D","D","D","D","D","D","D","D","D","D","D","C","C","C","C","C","C","C","C","C","B","B","B","B","B"
"2730","swe_legs","Both feet or ankles swollen","neonate","infant","","","","","","","","B-","B-","B","B+","C","C","B","C","C","C","C","C","C","C-","B-","B-","C","C","D","C","C","B-","B-","B+","B-","B-","B-","B-","A","C","B-","B-","B+","B+","B-","B-","D","D","D","D","D","D","N","N","D","D","D","D","D","D","D","D","D","D","D","C","C","A","C","B","C","C","C","C","B","B","B","B","B"
"2740","anaemia","Pale (thinning of blood) or pale palms/soles or nail beds","","","","","","","","","","B","B","B+","B+","B","B","B-","B","B+","B","B-","B","B","B-","B","B","B-","B-","B-","B-","B-","B+","I","A","C","C","A-","C","B+","C","C","C","C","C","C","B","D","D","D","D","D","D","N","N","C+","C+","C","C","C","C","C","C","C","C","B","B","A","C","B+","C","C","I","B","C","B","B","B","B","B"
"2750","exc_drink","Excessive water intake","neonate","infant","","","","","","","","C","C","C","C","C","C","C","C+","C","C","C","C","C","D","C","C","C","C-","C-","C","C-","C-","D","D","A+","D","D","D","D","D","D","D","D","D","D","D","D","D","D","D","D","N","N","N","D","D","D","D","D","D","D","D","D","D","D","D","D","D","D","D","D","D","D","D","B","B","B","B","B"
"2760","hair","Hair colour changed to yellowish or reddish","","","","","neonate","infant","","","","C","C","C","C","C","C","B","C+","C","C+","C","C","C","D","C","C","C","C","C","C","C","C","C","A+","C","C","C","C","C","D","C","C","C","C","C","C","D","D","D","D","D","D","N","N","D","D","D","D","C","D","D","D","D","D","D","D","D","D","D","D","D","D","D","D","B","B","B","B","B"
"2770","paral_one","Paralysis of one side of the body","neonate","infant","under5","","","","","","","C+","C+","C-","C-","D","D","D","D","C","C","C+","C+","D","D-","D","C","C-","C-","C-","C-","C-","C","C+","C+","C+","D","C+","I","D-","D","D","D","D","D","C+","C+","C+","D","D","D","D","D","N","N","C+","C+","C+","D","D","C+","D","D","D","D","D","D","D","B","D","D","D","D","D","D","B","B","B","B","B"
"2780","eye_sunk","Sunken eyes","elder","midage","adult","child","neonate","","","","","D","N","N","N","B","B","B+","A-","B-","B","B-","C-","B+","C","D","B","D","D","D","D","D","D","D","A+","D","D","D","D","D","D","D","D","D","D","D","C","D","C-","C-","B","B","C-","N","N","D","D","D","D","D","D","D","D","D","D","D","D","D","D","D","D","D","D","D","D","B","B","B","B","B"
"2790","bl_orif","Bleeding from nose, mouth or anus","neonate","","","","","","","","","D","D","D","D","D","D","C","C","D","D","D","D","D","D","A","D","B","B","D","D","D","C","C","C","D","D","C","C","D","D","D","D","D","D","D","D","D","D","D","D","D","D","N","N","C","C","C","D","D","C","C","D","C","C","C","D","D","C","D","D","D","D","D","D","B","B","B","B","B"
"2800","vb_bet","Vaginal bleeding in between menstrual periods","male","neonate","infant","under5","elder","midage","","","","D","D","B","B","D","D","D","D","D","D","D","D","D","D","D","D","D","D","D","D","A","D","C","D","D","D","D","D","D","D","D","D","D","D","D","D","D","N","N","N","N","N","N","N","D","D","D","D","D","D","D","D","D","D","D","C","B","D","D","D","C","D","D","D","B","B","B","B","B"
"2810","vb_men","Vaginal bleeding stopped naturally during menopause","male","neonate","infant","under5","child","vb_bet","","","","B","B","N","N","C","C","C","C","C","C","C","C","C","C","C","C","C","D","D","C","C","C","C","C","C","C","C","C","C","C","C","C","C","C","C","C","C","N","N","N","N","N","N","N","C","C","C","C","C","C","C","C","C","C","C","N","N","N","N","N","N","N","N","N","B","B","B","B","B"
"2820","vb_after","Vaginal bleeding after menopause","male","neonate","infant","under5","child","vb_bet","","","","D","B","N","N","C","C","C","C","C","C","C","C","C","C","C+","C","C","D","D","C","A+","C","B","C","C","C","C","C","C","C","C","C","C","C","C","C","C","N","N","N","N","N","N","N","C","C","C","C","C","C","C","C","C","C","C","N","N","N","N","N","N","N","N","N","B","B","B","B","B"
"2830","diff_sw","Difficulty or pain while swallowing liquids","neonate","infant","under5","","","","","","","C","C","C","C","C","C","C","C","C","C","C","C","C","C","C","C","B","A","C","C","C","B","C","C","C","C","C","A","C","C","C","C","C","C","C","C","C","N","N","N","N","N","N","N","C","C","C","C","C","C","C","C","C","C","C","C","C","C","C","C","C","C","C","C","B","B","B","B","B"
"3000","not_preg","Not pregnant within 6 weeks of death","neonate","infant","","male","elder","pregnant","del_6wks","under5","","A+","I","E","E","A+","A+","A+","A+","A+","A+","A+","A+","A+","A+","A+","A+","A+","A+","A+","A+","A+","A+","B","B","B","B","B","B","B","B","B","A-","B","B","B","B","N","N","N","N","N","N","N","N","A+","A+","A+","A+","A+","A+","A+","A+","A+","A+","D","E","E","N","N","N","N","N","N","N","B","B","B","B","B"
"3010","pregnant","Pregnant at the time of death","neonate","infant","","male","elder","midage","under5","","","C-","E","E","I","N","C-","C","C-","B-","C-","C-","C-","C-","D","C-","C","C","C","C","C","C","C","N","C","B","C+","B-","C","C","C-","C-","D","C","C","C","C","N","N","N","N","N","N","N","N","C-","C-","C-","C-","C-","C-","C-","C-","C-","C","D","A-","C","A-","A-","A-","C","A-","A-","A-","B","B","B","B","B"
"3020","del_6wks","Mother died within 42 days of child birth","neonate","infant","","male","elder","pregnant","midage","under5","","C-","E","I","E","N","C-","C-","C-","B-","C-","C-","C-","C-","D-","C-","C","C","C","C","C","C","C","N","C-","B","C+","B-","C-","C","C-","C-","D","C","C-","C-","C","N","N","N","N","N","N","N","N","C-","C-","C-","C-","C-","C-","C-","C-","C-","C-","D","N","N","D","A-","B","B","A","C","A-","B","B","B","B","B"
"3030","pend_6w","Mother died within 42 days of a pregnancy that lasted less than 6 mon","neonate","infant","","male","elder","pregnant","del_6wks","under5","","D","E","I","E","N","D","D","D","D","D","D","C","D","D-","C-","C","C","C","C","C","C","C","N","D","D","D","D","D","C","D","D","D","D","D","D","C","N","N","N","N","N","N","N","N","D","D","D","D","D","D","D","D","D","D","D","A","A","D","C","N","B","C","N","A-","B","B","B","B","B"
"3040","first_p","Mother died during or after first pregnancy","neonate","infant","under5","midage","elder","male","not_preg","more4","","C","C","A-","A-","N","C","C","C","C","C","C","C","C","C","C","D","D","D","D","C","D","D","C","C","C","C","C","C","C+","C","C","C","C","C","C","C","N","N","N","N","N","N","N","N","C","C","C","C","C","C","C","C","C","C","D","B+","A-","B+","B","A","B+","B","C","B","B","B","B","B","B"
"3050","more4","Mother had 4 or more pregnancies before this one","neonate","infant","under5","midage","elder","male","not_preg","first_p","","C","A-","A-","A-","N","C","C","C","C","C","C","C","C","C","C","D","C","C","C","C","C","D","C","C","C","C","C","C","C","C","C","C","C","C","C","C","N","N","N","N","N","N","N","N","C","C","C","C","C","C","C","C","C","C","D","B+","B+","A-","B+","B+","B+","B+","A","B-","B","B","B","B","B"
"3060","cs_prev","Mother had a previous C-section","neonate","infant","under5","midage","elder","male","not_preg","","","C","B","B+","B+","N","C","C","C","C","C","C","C","C","C","C","D","D","D","D","C","D","D","C","C","C","C","C","C","C","C","C","C","C","C","C","C","N","N","N","N","N","N","N","N","C","C","C","C","C","C","C","C","C","C","D","B","B-","B","B","B+","C","B-","A","B-","B","B","B","B","B"
"3070","multip","Mother died during/after a multiple pregnancy","neonate","infant","under5","midage","elder","male","not_preg","","","C","C","B","B","N","C","C","C","C","C","C","C","C","C","C","D","D","D","D","C","D","D","D","C","C","C","C","C","C","C","C","C","C","C","C","C","N","N","N","N","N","N","N","N","C","C","C","C","C","C","C","C","C","C","D","B-","B-","B","B","A-","B","B","A-","B-","B","B","B","B","B"
"3080","lab_24","Mother died after labour lasting >24 hours","neonate","infant","under5","midage","elder","male","not_preg","","","C","N","A-","A-","N","C","C","C","C","C","C","C","C","C","C","D","D","D","D","D","D","D","D","C","C","C","C","C","C","C","C","C","C","C","C","C","N","N","N","N","N","N","N","N","C","C","C","C","C","C","C","C","C","C","D","N","D","B-","B","A+","A-","B-","A","D","B","B","B","B","B"
"3090","died_lab","Mother died during labour but undelivered","neonate","infant","under5","midage","elder","male","not_preg","","","C","D-","D+","I","N","C-","D","D","C","D","D","D","C","N","D","D","D","D","D","D","D","D","N","D","D","B","B","C","C","C","C","D","D","D","C","C","N","N","N","N","N","N","N","N","D","D","D","D","D","D","D","D","D","D","D","N","N","A-","B+","A","N","A","A+","C","B","B","B","B","B"
"3100","death_24","Mother died within 24 hrs of delivery","neonate","infant","under5","midage","elder","male","not_preg","","","C","D-","I","D","N","C","C","C","C","C","C","C","C","D-","D","D","D","D","D","D","D","D","N","D","D","C","C","C","C","C","C","D","D","D","D","C","N","N","N","N","N","N","N","N","D","D","D","D","D","D","D","D","D","D","D","A-","A-","B","A+","A","D","A-","A+","B","B","B","B","B","B"
"3110","baby_al","Mother delivered a live baby within 6 weeks of death","neonate","infant","under5","midage","elder","male","not_preg","","","C","D","A+","D-","N","D","D","D","D","D","D","D","D","D","D","C","C","C","C","C","C","D","C","C","C","C","C","C","D","C","C","D","C","C","C","C","N","N","N","N","N","N","N","N","D","D","D","D","D","D","D","D","D","D","D","N","N","C","B","D","C","A","D","B","B","B","B","B","B"
"3120","breast_fd","Mother was breastfeeding at death","neonate","infant","under5","midage","elder","male","not_preg","","","C","A-","A+","C","N","C","C","C","C","C","C","C","C","C","C","D","D","D","D","C","D","D","C","C","C","C","C","C","C","C","C","C","C","C","C","C","N","N","N","N","N","N","N","N","C","C","C","C","C","C","C","C","C","C","D","D","D","D","C","D","B","B","D","B","B","B","B","B","B"
"3130","del_fac","Mother delivered at health facility or clinic","neonate","infant","under5","midage","elder","male","not_preg","del_home","","C","N","A","B","N","C","C","C","C","C","C","C","C","C","C","D","D","D","D","D","D","D","D","C","C","C","C","C","C","C","C","C","C","C","C","C","N","N","N","N","N","N","N","N","C","C","C","C","C","C","C","C","C","C","D","N","N","B+","A-","B+","B","B+","C","A-","B","B","B","B","B"
"3140","del_home","Mother delivered at home","neonate","infant","under5","midage","elder","male","not_preg","del_fac","","C","N","A","B","N","C","C","C","C","C","C","C","C","C","C","D","D","D","D","D","D","D","D","C","C","C","C","C","C","C","C","C","C","C","C","C","N","N","N","N","N","N","N","N","C","C","C","C","C","C","C","C","C","C","D","N","N","A-","A","A","A","B+","C","A-","B","B","B","B","B"
"3150","del_else","Mother delivered elsewhere (not facility or at home)","neonate","infant","under5","midage","elder","male","not_preg","","","C","N","A","B","N","C","C","C","C","C","C","C","C","C","C","D","D","D","D","D","D","D","D","C","C","C","C","C","C","C","C","C","C","C","C","C","N","N","N","N","N","N","N","N","C","C","C","C","C","C","C","C","C","C","D","N","N","A-","A","A","A","B+","C","A-","B","B","B","B","B"
"3160","prof_ass","Mother delivered with professional assistance","neonate","infant","under5","midage","elder","male","not_preg","","","C","N","A","B","N","C","C","C","C","C","C","C","C","C","C","D","D","D","D","D","D","D","D","C","C","C","C","C","C","C","C","C","C","C","C","C","N","N","N","N","N","N","N","N","C","C","C","C","C","C","C","C","C","C","D","N","N","B+","A-","A-","B","B+","C","C","B","B","B","B","B"
"3170","del_norm","Mother had a normal delivery","neonate","infant","under5","midage","elder","male","not_preg","del_ass","","C","N","I","N","N","C","C","C","C","C","C","C","C","C","C","D","D","D","D","D","D","D","D","C","C","C","C","C","C","C","C","C","C","C","C","C","N","N","N","N","N","N","N","N","C","C","C","C","C","C","C","C","C","C","D","N","N","D","B","C","B","B","B","B","B","B","B","B","B"
"3180","del_ass","Mother had a forceps/vacuum delivery","neonate","infant","under5","midage","elder","male","not_preg","del_norm","","C","N","B+","N","N","C","C","C","C","C","C","C","C","C","C","D","D","D","D","D","D","D","D","C","C","C","C","C","C","C","C","C","C","C","C","C","N","N","N","N","N","N","N","N","C","C","C","C","C","C","C","C","C","C","D","N","N","B-","B","A-","B+","C+","B-","C","B","B","B","B","B"
"3190","del_cs","Mother delivered by C-section","neonate","infant","under5","midage","elder","male","not_preg","del_norm","","C","N","B","N","N","C","C","C","C","C","C","C","C","C","C","D","D","D","D","D","D","D","D","C","C","C","C","C","C","C","C","C","C","C","C","C","N","N","N","N","N","N","N","N","C","C","C","C","C","C","C","C","C","C","D","N","N","A-","B+","A-","B+","C+","C","C","B","B","B","B","B"
"3200","baby_pos","Mother delivered an abnormally positioned baby","neonate","infant","under5","midage","elder","male","not_preg","","","C","N","A-","B","N","C","C","C","C","C","C","C","C","C","C","D","D","D","D","D","D","D","D","C","C","C","C","C","C","C","C","C","C","C","C","C","N","N","N","N","N","N","N","N","C","C","C","C","C","C","C","C","C","C","D","N","N","C+","B","A-","B","C+","B","C","B","B","B","B","B"
"3205","mon_early","Baby was born more than 1 month early","neonate","infant","under5","midage","elder","male","not_preg","","","C","N","C","N","N","C","C","C","C","C","C","C","C","C","C","C","C","C","C","C","C","C","C","C","C","C","C","C","C","C","C","C","C","C","C","C","N","N","N","N","N","N","N","N","C","C","C","C","C","C","C","C","C","C","D","N","N","B","C","D","D","D","D","D","B","B","B","B","B"
"3210","hyster","Mother had a hysterectomy shortly before death","neonate","infant","under5","midage","elder","male","not_preg","","","C","B-","B+","N","N","C","C","C","C","C","C","C","C","C","C","D","D","D","D","D","B","D","D","C","C","C","C","C","C","C","C","C","C","C","C","C","N","N","N","N","N","N","N","N","C","C","C","C","C","C","C","C","C","C","D","N","B-","C-","B","B-","C+","D","A","D","B","B","B","B","B"
"3220","bpr_preg","Mother had hypertension during last 3 m of pregnancy","neonate","infant","under5","midage","elder","male","not_preg","","","C","D","B+","B+","N","C","C","C","C","C","C","C","C","C","C","D","D","D","D","C","D","D","D","C","C","C","C","C+","C","C","C","C","C","C","C","C","N","N","N","N","N","N","N","N","C","C","C","C","C","C","C","C","C","C","D","B -","B-","I","B-","B-","B-","B-","D","D","B","B","B","B","B"
"3230","fit_preg","Mother had convulsions during last 3 m of pregnancy","neonate","infant","under5","midage","elder","male","not_preg","","","C","D","B+","B+","N","C","C","C","C","C","C","C","C","C","C","D","D","D","D","C","D","D","D","C","C","C","C","C","C","C","C","C","C","C","N","C","N","N","N","N","N","N","N","N","C","C","C","C","C","C","C","C","C","C","D","C+","C+","A","C+","C+","B-","C+","D","D","B","B","B","B","B"
"3240","vis_bl","Mother had blurred vision during last 3 m of pregnancy","neonate","infant","under5","midage","elder","male","not_preg","","","C","B","B","B+","N","C","C","C","C","C","C","C","C","C","C","D","C","C","C","C","C","D","D","C","C","C","C","C+","C","C","C","C","C","C","C+","C","N","N","N","N","N","N","N","N","C","C","C","C","C","C","C","C","C","C","D","C-","C-","A","C-","C-","B","B","D","D","B","B","B","B","B"
"3250","bleed","Mother had excessive vaginal bleeding in pregnancy/postpartum","neonate","infant","under5","midage","elder","male","not_preg","","","C","N","A","A","N","D","D","D","D","D","D","D","D","D","C","D","D","D","D","D","D","D","D","D","D","D","C","D","D","D","D","D","D","D","D","D","N","N","N","N","N","N","N","N","D","D","D","D","D","D","D","D","D","C","D","C","C","C","I","B","D","A","A","D","B","B","B","B","B"
"3260","e_bleed","Excessive vaginal bleeding during first 6 months of pregnancy","neonate","infant","under5","midage","elder","male","not_preg","","bleed","C-","N","B","B","N","D","D","D","D","D","D","D","D","D","D+","D","D","D","D","D","D+","D","D","D","D","D","C","D","D","D","D","D","D","D","D","D","N","N","N","N","N","N","N","N","D","D","D","D","D","D","D","D","D","C","D","B","B","C","A+","C","D","A","C","D","B","B","B","B","B"
"3270","s_bleed","Excessive vaginal bleeding in last 3 m pregnancy, before labour starts","neonate","infant","under5","midage","elder","male","not_preg","","bleed","C-","N","B","B","N","D","D","D","D","D","D","D","D","D","D+","D","D","D","D","D","D","D","D","D","D","D","C","D","D","D","D","D","D","D","D","D","N","N","N","N","N","N","N","N","D","D","D","D","D","D","D","D","D","D","D","N","N","C","A+","C","D","A","C","D","B","B","B","B","B"
"3280","d_bleed","Excessive vaginal bleeding during labour, before delivering the baby","neonate","infant","under5","midage","elder","male","not_preg","","bleed","C","N","B","A","N","D","D","D","D","D","D","D","D","D","D+","D","D","D","D","D","D","D","D","D","D","D","C","D","D","D","D","D","D","D","D","D","N","N","N","N","N","N","N","N","D","D","D","D","D","D","D","D","D","D","D","N","N","C-","A+","A-","D","A","B","D","B","B","B","B","B"
"3290","p_bleed","Excessive vaginal bleeding after delivering the baby","neonate","infant","under5","midage","elder","male","not_preg","","bleed","C","N","A","N","N","D","D","D","D","D","D","D","D","D","D+","D","D","D","D","D","D","D","D","D","D","D","C","D","D","D","D","D","D","D","D","D","N","N","N","N","N","N","N","N","D","D","D","D","D","D","D","D","D","D","D","N","N","D","A+","C","D","A","B","D","B","B","B","B","B"
"3300","placent_r","Difficulty in delivering placenta","neonate","infant","under5","midage","elder","male","not_preg","","","C","N","A-","N","N","C","C","C","C","C","C","C","C","C","C","D","D","D","D","D","D","D","D","D","D","D","D","D","D","D","D","D","D","D","D","D","N","N","N","N","N","N","N","N","D","D","D","D","D","D","D","D","D","D","D","D","C","C","A","B","B","B","B-","D","B","B","B","B","B"
"3310","disch_sm","Smelly vaginal discharge","neonate","infant","under5","midage","elder","male","not_preg","","","C","C+","B","C+","N","C","C","C","C","C","C","C","C","C","C","D","D","D","D","D","B","D","D","C","C","C","C","C","C","C","C","C","C","C","C","C","N","N","N","N","N","N","N","N","D","D","D","D","D","D","D","D","D","D","D","B","A","B","B","B+","A","B","D","D","B","B","B","B","B"
"3330","term_att","Any attempt to terminate pregnancy","neonate","infant","under5","midage","elder","male","not_preg","","","C","N","B+","B+","N","C","C","C","C","C","C","C","C","C","C","D","D","D","D","D","D","D","D","C","C","C","C","C","C","C","C","C","C","C","C","C","N","N","N","N","N","N","N","N","D","D","D","D","D","D","D","D","D","D","D","C+","A+","C+","B","C-","C","C","C","D","B","B","B","B","B"
"3340","abort","Recent abortion","neonate","infant","under5","midage","elder","male","not_preg","","","C-","N","B+","N","N","D","D","D","D","D","D","D","D","D","D","D","D","D","D","D","D","D","D","D","D","D","D","D","D","D","D","D","D","D","D","D","N","N","N","N","N","N","N","N","D","D","D","D","D","D","D","D","D","D","D","N","I","N","N","N","N","N","N","N","B","B","B","B","B"
"4000","born_early","Baby was born after < 34 weeks of pregnancy","child","midage","adult","under5","","elder","born_3437","born_38","","C-","N","N","N","C","C","D","D","D","D","D","D","N","E","N","D","N","N","N","N","N","N","N","C","N","D","D","D","D","N","D","D","D","D","D","E","C","A","B","C-","B-","B","B","A","E","E","E","E","E","D","E","E","N","D","D","N","N","N","N","N","N","N","N","N","B","B","B","B","B"
"4010","born_3437","Baby was born between 34 and 37 weeks of pregnancy","","under5","child","adult","midage","elder","born_early","born_38","","C","N","N","N","C","C","D","D","D","C","C+","D","N","E","N","D","N","N","N","N","N","N","N","C","N","D","D","D","D","N","D","D","D","D","D","E","D","A-","B","B-","C","B","C","C","E","E","E","E","E","D","E","E","N","D","D","N","N","N","N","N","N","N","N","N","B","B","B","B","B"
"4020","born_38","Baby was born after more than 37 weeks of pregnancy","","under5","child","adult","midage","elder","born_3437","born_early","","C","N","N","N","D","D","D","D","D","D","C+","D","N","E","N","D","N","N","N","N","N","N","N","D","N","D","D","D","D","N","D","D","D","D","D","E","D","B","B","C","C","D","B","B","E","E","E","E","E","D","E","E","N","D","D","N","N","N","N","N","N","N","N","N","B","B","B","B","B"
"4030","ab_size","Baby was abnormally sized","","under5","child","adult","midage","elder","","","","C","N","N","N","D","D","D","D","D","D","C","D","N","E","N","D","N","N","N","N","N","N","N","D","N","D","D","D","D","N","D","D","D","D","C","E","D","A","B","B","B","B","B","B","E","E","E","E","E","D","E","E","N","D","D","N","N","N","N","N","N","N","N","N","B","B","B","B","B"
"4040","born_small","Baby was smaller than normal or less than 2.5 kg","","under5","child","adult","midage","elder","born_big","","ab_size","C","N","N","N","C","C","D","D","D","D","C","D","N","E","N","D","N","N","N","N","N","N","N","D","N","D","D","D","D","N","D","D","D","D","C","E","D","A+","B","B","B","B","B","B","E","E","E","E","E","D","E","E","N","D","D","N","N","N","N","N","N","N","N","N","B","B","B","B","B"
"4060","born_big","Baby was bigger than normal","child","midage","adult","under5","infant","elder","born_small","","ab_size","D","N","N","N","C","C","D","D","D","D","C","D","N","E","N","D","N","N","N","N","N","N","N","D","N","D","D","D","D","N","D","D","D","D","D","E","D","N","D","D","D","B","B","B","E","E","E","E","E","D","E","E","N","D","D","N","N","N","N","N","N","N","N","N","B","B","B","B","B"
"4070","twin","Baby was one of a multiple birth","child","","adult","elder","midage","under5","","","","C-","N","N","N","C","C","D","C-","D","D","C-","C-","N","E","N","D","N","N","D","D","D","D","N","D","N","D","D","D","D","N","D","D","D","D","D","E","C-","A","B+","C-","C-","D","A-","B","E","E","E","E","E","D","E","E","N","D","D","N","N","N","N","N","N","N","N","N","B","B","B","B","B"
"4080","comdel","Baby was born in a complicated or operative delivery","child","midage","adult","elder","under5","","","","","C-","N","N","N","C","C","D","C-","D","D","C-","C","N","E","N","D","N","N","D","D","D","D","N","D","N","D","D","D","D","N","D","D","D","D","C-","E","C-","B","A","C-","B","A","A","B","E","E","E","E","E","D","E","E","N","D","D","N","N","N","N","N","N","N","N","N","B","B","B","B","B"
"4090","cord","Baby's cord wrapped more than once around the neck","child","midage","adult","elder","under5","","","","","C","N","N","N","N","N","N","D","N","N","D","D","N","E","N","D","N","N","N","N","N","N","N","D","N","D","D","D","D","N","D","D","D","D","D","E","D","D","A","D","D","B","A","B","E","E","E","E","E","D","E","E","N","D","D","N","N","N","N","N","N","N","N","N","B","B","B","B","B"
"4100","waters","Baby born >24 hours after the waters broke","child","midage","adult","elder","under5","infant","","","","D","N","N","N","N","N","N","C","N","N","C","C","N","E","N","D","N","N","N","N","N","N","N","D","N","D","D","D","D","N","D","D","D","D","D","E","D","D","D","B","A","B","B","B","E","E","E","E","E","D","E","E","N","D","D","N","N","N","N","N","N","N","N","N","B","B","B","B","B"
"4110","move_lb","Baby stopped moving before labour started","infant","under5","child","adult","midage","elder","","","","C","N","N","N","N","N","N","D","N","N","C","D","N","E","N","D","N","N","N","N","N","N","N","D","N","D","D","D","D","N","D","D","D","D","D","E","C","N","N","N","N","N","A+","A+","E","E","E","E","E","D","E","E","N","D","D","N","N","N","N","N","N","N","N","N","B","B","B","B","B"
"4120","cyanosis","Baby had blue colour/tone at birth","infant","under5","child","adult","midage","elder","","","","C-","N","N","N","N","N","N","D","N","N","D","D","N","E","N","D","N","N","N","N","N","N","N","D","N","C","D","D","C","N","D","D","D","D","D","E","C-","A-","A+","C-","C-","D","A","D","E","E","E","E","E","D","E","E","N","D","D","N","N","N","N","N","N","N","N","N","B","B","B","B","B"
"4130","baby_br","Baby breathed after birth, even if only a little","infant","under5","child","adult","midage","elder","","","","C","N","N","N","N","N","N","D","N","N","C","D","N","E","N","D","N","N","N","N","N","N","N","D","N","D","D","D","D","N","D","D","D","D","D","E","D","A-","C","B","B","B","N","N","E","E","E","E","E","D","E","E","N","D","D","N","N","N","N","N","N","N","N","N","B","B","B","B","B"
"4140","born_nobr","Baby given assistance to breathe after birth","child","midage","adult","under5","infant","elder","","","","C-","N","N","N","N","N","N","D","N","N","D","D","N","E","N","D","N","N","N","N","N","N","N","D","N","D","D","D","D","N","D","D","D","D","D","E","C-","A-","A+","C-","C-","D","N","N","E","E","E","E","E","D","E","E","N","D","D","N","N","N","N","N","N","N","N","N","B","B","B","B","B"
"4150","cried","Baby cried after birth, even if only a little","infant","under5","child","adult","midage","elder","","","","C","N","N","N","N","N","N","D","N","N","D","D","N","E","N","D","N","N","N","N","N","N","N","D","N","D","D","D","D","N","D","D","D","D","D","E","D","D","B+","C","C","B","N","N","E","E","E","E","E","D","E","E","N","D","D","N","N","N","N","N","N","N","N","N","B","B","B","B","B"
"4160","no_life","Baby born didn't breathe, cry or move, was born dead","infant","under5","child","adult","midage","elder","baby_br","cried","","C","N","N","N","N","N","N","N","N","N","N","N","N","N","N","N","N","N","N","N","N","N","N","N","N","N","N","N","N","N","N","N","N","N","N","N","D","N","N","N","N","N","I","A","N","N","N","N","N","N","N","N","N","N","N","N","N","N","N","N","N","N","N","N","B","B","B","B","B"
"4170","mushy","Baby was born macerated (decayed)","infant","under5","child","adult","midage","elder","","","no_life","D","N","N","N","N","N","N","N","N","N","N","N","N","N","N","N","N","N","N","N","N","N","N","N","N","N","N","N","N","N","N","N","N","N","N","N","N","N","N","N","N","N","N","A+","N","N","N","N","N","N","N","N","N","N","N","N","N","N","N","N","N","N","N","N","B","B","B","B","B"
"4180","fed_d1","Baby was able to suckle or bottle feed first 24 hrs of life","infant","under5","child","adult","midage","elder","","","","C","N","N","N","N","N","N","D","N","N","B","D","N","E","N","D","N","N","N","N","N","N","N","D","N","D","D","D","D","N","D","D","D","D","D","E","D","D","D","B","B","D","N","N","E","E","E","E","E","D","E","E","N","D","D","N","N","N","N","N","N","N","N","N","B","B","B","B","B"
"4190","st_suck","Baby stopped suckling or bottle feeding on 2nd day of life or later","infant","under5","child","adult","midage","elder","","","","C","N","N","N","N","N","N","D","N","N","D","D","N","N","N","D","N","N","N","N","N","N","N","D","N","D","D","D","D","N","D","D","D","D","D","E","D","D","D","A","A","D","N","N","E","E","E","E","E","D","E","E","N","D","D","N","N","N","N","N","N","N","N","N","B","B","B","B","B"
"4200","ab_posit","Baby born with bottom, feet, arm/hand coming first","infant","under5","child","adult","midage","elder","","","","C","N","N","N","N","N","N","D","N","N","C","D","N","E","N","D","N","N","N","N","N","N","N","D","N","D","D","D","D","N","D","D","D","D","D","E","D","B","B","C","C","B","B","B","E","E","E","E","E","D","E","E","N","D","D","N","N","N","N","N","N","N","N","N","B","B","B","B","B"
"4210","conv_d1","Baby had convulsions within 24 hours of birth","infant","under5","child","adult","midage","elder","conv_d2","","","C","N","N","N","N","N","N","D","N","N","N","D","N","E","N","D","N","N","N","N","N","N","N","D","N","D","D","D","D","N","D","D","D","D","B","E","D","B","B","D","D","C","N","N","E","E","E","E","E","D","E","E","N","D","D","N","N","N","N","N","N","N","N","N","B","B","B","B","B"
"4220","conv_d2","Baby had convulsions on second day after birth or later","infant","under5","child","adult","midage","elder","conv_d1","","","C","N","N","N","N","N","N","D","N","N","A","C","N","E","N","D","N","N","N","N","N","N","N","D","N","D","D","D","D","N","D","D","D","D","B","E","D","B","B","D","D","C","N","N","E","E","E","E","E","D","E","E","N","D","D","N","N","N","N","N","N","N","N","N","B","B","B","B","B"
"4230","arch_b","Baby's body was stiff and/or arched backwards","infant","under5","child","adult","midage","elder","","","","C","N","N","N","N","N","N","D","N","N","B","A-","N","N","N","D","N","N","N","N","N","N","N","D","N","D","D","D","D","N","D","D","D","D","D","E","D","D","N","D","D","D","N","N","E","E","E","E","E","D","E","E","N","D","D","N","N","N","N","N","N","N","N","N","B","B","B","B","B"
"4240","font_hi","Baby had swollen or bulging fontanelle","child","elder","adult","","midage","under5","font_lo","","","C-","N","N","N","C","C","C","C-","C","C-","A","C-","N","E","N","D","N","N","N","N","N","N","N","D","N","D","D","D","D","N","D","D","D","D","D","E","C-","D","D","D","D","D","N","N","E","E","E","E","E","D","E","E","N","D","D","N","N","N","N","N","N","N","N","N","B","B","B","B","B"
"4250","font_lo","Baby had sunken fontanelle","midage","child","adult","elder","under5","","font_hi","","","C","N","N","N","D","D","D","A","C","C+","D-","C","N","E","N","D","N","N","N","N","N","N","N","C+","N","D","D","D","D","N","D","D","D","D","D","E","C","C","D","D","D","C","N","N","E","E","E","E","E","D","E","E","N","D","D","N","N","N","N","N","N","N","N","N","B","B","B","B","B"
"4260","unw_d1","Baby was unresponsive/unconscious soon after birth (<24 hours)","infant","under5","child","adult","midage","elder","unw_d2","","","C","N","N","N","N","N","N","D","N","N","N","N","N","N","N","D","N","N","N","N","N","N","N","D","N","D","D","D","D","N","D","D","D","D","D","E","D","B","C","D","D","B","N","N","N","N","N","N","N","N","N","N","N","N","N","N","N","N","N","N","N","N","N","N","B","B","B","B","B"
"4270","unw_d2","Baby was unresponsive/unconscious >1 day after birth","infant","under5","child","adult","midage","elder","unw_d1","","","C","N","N","N","N","N","N","N","N","N","D","N","N","N","N","N","N","N","N","N","N","N","N","D","N","D","D","D","D","N","D","D","D","D","D","E","C","B","D","C","C","B","N","N","E","E","E","E","E","D","E","E","N","D","D","N","N","N","N","N","N","N","N","N","B","B","B","B","B"
"4280","cold","Baby became cold to touch","infant","under5","child","adult","midage","elder","","","","C","N","N","N","N","N","N","D","N","N","D","D","N","N","N","D","N","N","N","N","N","N","N","D","N","D","D","D","D","N","D","D","D","D","D","E","D","B","B","D","D","C","B","N","E","E","E","E","E","D","E","E","N","D","D","N","N","N","N","N","N","N","N","N","B","B","B","B","B"
"4290","umbinf","Baby had redness or discharge from the umbilical cord","infant","child","adult","under5","elder","midage","","","","C-","N","N","N","N","N","N","D","D","D","D","A-","N","N","N","B","N","N","N","N","N","N","N","D","N","D","D","D","D","N","D","D","D","D","D","E","D","D","D","C","A","D","N","N","E","E","E","E","E","D","E","E","N","D","D","N","N","N","N","N","N","N","N","N","B","B","B","B","B"
"4300","b_yellow","Baby had yellow palms or soles","infant","child","adult","under5","elder","midage","","","","C","N","N","N","N","N","N","D","C","D","D","D","N","E","N","D","N","N","N","N","N","N","N","D","N","D","D","D","D","N","D","D","C","D","D","E","D","D","D","C","C","C","D","D","E","E","E","E","E","D","E","E","N","D","D","N","N","N","N","N","N","N","N","N","B","B","B","B","B"
"4310","devel","Child was not growing normally or as expected","adult","","midage","elder","neonate","child","","","","C-","N","N","N","C-","C-","B+","C-","C-","C-","C-","C-","D","C-","C-","D","E","E","E","E","E","E","D","B","D","D","C","D","D","N","D","D","D","D","C-","E","A","B+","C-","C-","C-","D","N","N","D","D","D","D","D","D","D","D","N","D","D","N","N","N","N","N","N","N","N","N","B","B","B","B","B"
"4320","born_malf","Any congenital malformations","midage","","adult","elder","child","","","","","C-","N","N","N","E","E","E","E","E","E","E","E","E","E","E","E","E","E","E","E","E","E","E","D","D","C","D","C-","C-","N","D","D","D","D","D","E","I","B","B","C-","C-","D","A-","A-","D","D","D","D","D","D","D","D","N","C","D","N","N","N","N","N","N","N","N","N","B","B","B","B","B"
"4330","mlf_bk","Swelling/defect in the back","midage","","adult","elder","child","","","","born_malf","D","N","N","N","E","E","E","E","E","E","E","E","E","E","E","E","E","E","E","E","E","E","E","E","E","E","E","E","E","N","E","E","E","E","E","E","A","C","C","D","D","D","B","B","D","D","D","D","D","D","D","D","N","C","D","N","N","N","N","N","N","N","N","N","B","B","B","B","B"
"4340","mlf_lh","Very large head","midage","","adult","elder","child","mlf_sh","","","born_malf","D","N","N","N","E","E","E","E","E","E","E","E","E","E","E","E","E","E","E","E","E","E","E","E","E","E","E","E","E","N","E","E","E","E","E","E","A","C","C","D","D","D","B","B","D","D","D","D","D","D","D","D","N","C","D","N","N","N","N","N","N","N","N","N","B","B","B","B","B"
"4350","mlf_sh","Very small head","midage","","adult","elder","child","mlf_lh","","","born_malf","D","N","N","N","E","E","E","E","E","E","E","E","E","E","E","E","E","E","E","E","E","E","E","E","E","E","E","E","E","N","E","E","E","E","E","E","A","C","C","D","D","D","B","B","D","D","D","D","D","D","D","D","N","C","D","N","N","N","N","N","N","N","N","N","B","B","B","B","B"
"4360","mttv","Baby's mother not vaccinated for tetanus","infant","under5","child","adult","midage","elder","","","","C","N","N","N","D","D","N","D","N","N","D","C","N","N","N","N","N","N","N","N","N","N","D","D","D","D","D","D","D","N","D","D","D","D","D","E","D","B","D","C","C","C","B","B","D","C","C","D","C","C","C","N","N","D","C","N","N","N","N","N","N","N","N","N","B","B","B","B","B"
"4370","b_norm","Baby born in normal vaginal delivery","infant","under5","child","adult","midage","elder","b_assist","b_caes","","C","N","N","N","N","N","N","D","N","N","D","E","N","N","N","E","N","N","N","N","N","N","N","D","N","D","D","E","D","N","E","D","D","D","D","E","E","D","E","E","E","E","D","D","E","E","E","E","E","E","E","E","N","E","E","N","N","N","N","N","N","N","N","N","B","B","B","B","B"
"4380","b_assist","Baby born with assistance of forceps/vacuum","infant","under5","child","adult","midage","elder","b_norm","b_caes","","C","N","N","N","N","N","N","D","N","N","D","D","N","N","N","D","N","N","N","N","N","N","N","D","N","D","D","D","D","N","E","D","D","D","D","E","D","E","D","D","C","D","E","E","E","E","E","E","E","E","E","E","N","E","E","N","N","N","N","N","N","N","N","N","B","B","B","B","B"
"4390","b_caes","Baby born by Caesarean section","infant","under5","child","adult","midage","elder","b_norm","b_assist","","C","N","N","N","N","N","N","D","N","N","D","D","N","N","N","D","N","N","N","N","N","N","N","D","N","D","D","D","D","N","E","D","D","D","D","E","D","E","E","D","D","D","E","E","E","E","E","E","E","E","E","E","N","E","E","N","N","N","N","N","N","N","N","N","B","B","B","B","B"
"4400","b_first","Baby born from mother's first pregnancy","infant","under5","child","adult","midage","elder","b_more4","","","C","N","N","N","N","N","N","D","N","N","D","E","N","N","N","E","N","N","N","N","N","N","N","D","N","D","D","D","D","N","E","D","D","D","D","E","D","D","D","D","D","D","D","D","E","E","E","E","E","E","E","E","N","E","E","N","N","N","N","N","N","N","N","N","B","B","B","B","B"
"4410","b_more4","Baby's mother had 4 or more births before this one","infant","under5","child","adult","midage","elder","b_first","","","C","N","N","N","N","N","N","D","N","N","D","E","N","N","N","E","N","N","N","N","N","N","N","D","N","D","D","D","D","N","E","D","D","D","D","E","D","D","D","D","D","D","D","D","E","E","E","E","E","E","E","E","N","E","E","N","N","N","N","N","N","N","N","N","B","B","B","B","B"
"4440","b_mbpr","Baby's mother had high blood pressure in pregnancy","infant","under5","child","adult","midage","elder","","","","C","N","N","N","N","N","N","D","N","N","D","E","N","N","N","E","N","N","N","N","N","N","N","D","N","D","D","D","D","N","E","D","D","D","D","E","D","D","D","E","E","D","E","D","E","E","E","E","E","E","E","E","N","E","E","N","N","N","N","N","N","N","N","N","B","B","B","B","B"
"4450","b_msmds","Baby's mother had foul smelling vaginal discharge","infant","under5","child","adult","midage","elder","","","","C","N","N","N","N","N","N","D","N","N","D","E","N","N","N","B","N","N","N","N","N","N","N","D","N","D","D","D","D","N","E","D","D","D","D","E","D","E","D","B","A","D","E","C","E","E","E","E","E","E","E","E","N","E","E","N","N","N","N","N","N","N","N","N","B","B","B","B","B"
"4460","b_mcon","Baby's mother had convulsions during pregnancy","infant","under5","child","adult","midage","elder","","","","C","N","N","N","N","N","N","D","N","N","D","E","N","N","N","E","N","N","N","N","N","N","N","D","N","D","D","D","D","N","E","D","D","D","D","E","D","D","D","D","D","D","E","D","E","E","E","E","E","E","E","E","N","E","E","N","N","N","N","N","N","N","N","N","B","B","B","B","B"
"4470","b_mbvi","Baby's mother had blurred vision during pregnancy","infant","under5","child","adult","midage","elder","","","","C","N","N","N","N","N","N","D","N","N","D","E","N","N","N","E","N","N","N","N","N","N","N","D","N","D","D","D","D","N","E","D","D","D","D","E","D","E","D","D","D","D","E","D","E","E","E","E","E","E","E","E","N","E","E","N","N","N","N","N","N","N","N","N","B","B","B","B","B"
"4480","b_mvbl","Baby's mother had vaginal bleeding before labour started","infant","under5","child","adult","midage","elder","","","","C","N","N","N","N","N","N","D","N","N","D","E","N","N","N","D","N","N","N","N","N","N","N","D","N","D","D","D","D","N","E","D","D","D","D","E","D","E","D","C","C","D","E","D","E","E","E","E","E","E","E","E","N","E","E","N","N","N","N","N","N","N","N","N","B","B","B","B","B"
"4490","b_bfac","Baby was born in a health facility","infant","under5","child","adult","midage","elder","b_bhome","b_bway","","C","N","N","N","N","N","N","D","N","N","D","E","N","N","N","E","N","N","N","N","N","N","N","D","N","D","D","D","D","N","E","D","D","D","D","E","D","E","E","E","E","E","D","D","E","E","E","E","E","E","E","E","N","E","E","N","N","N","N","N","N","N","N","N","B","B","B","B","B"
"4500","b_bhome","Baby was born at home","infant","under5","child","adult","midage","elder","b_bfac","b_bway","","C","N","N","N","N","N","N","D","N","N","D","D","N","N","N","D","N","N","N","N","N","N","N","D","N","D","D","D","D","N","E","D","D","D","D","E","D","E","D","D","D","D","D","D","E","E","E","E","E","E","E","E","N","E","E","N","N","N","N","N","N","N","N","N","B","B","B","B","B"
"4510","b_bway","Baby was born somewhere else e.g. on the way","infant","under5","child","adult","midage","elder","b_bfac","b_bhome","","C","N","N","N","N","N","N","D","N","N","D","D","N","N","N","C","N","N","N","N","N","N","N","D","N","D","D","D","D","N","E","D","D","D","D","E","D","E","D","C","C","D","D","D","E","E","E","E","E","E","E","E","N","E","E","N","N","N","N","N","N","N","N","N","B","B","B","B","B"
"4520","b_bprof","Baby was born with professional assistance","infant","under5","child","adult","midage","elder","","","","C","N","N","N","N","N","N","D","N","N","D","D","N","N","N","D","N","N","N","N","N","N","N","D","N","D","D","D","D","N","E","D","D","D","D","E","D","E","D","D","D","E","D","D","E","E","E","E","E","E","E","E","N","E","E","N","N","N","N","N","N","N","N","N","B","B","B","B","B"
"5000","injury","Suffered any injury or accident that lead to death","","","","","","","","","","B","B","B-","B-","E","E","E","E","E","E","E","E","E","E","E","E","E","E","E","E","E","E","E","E","E","E","E","E","E","E","E","E","E","E","E","E","E","E","E","E","E","E","N","N","I","I","I","I","I","I","I","I","I","I","I","E","E","E","E","E","E","E","E","E","B","B","B","B","B"
"5010","traffic","Road traffic accident","","","","","","","","","injury","C-","C-","C-","C-","E","E","E","E","E","E","E","E","E","E","E","E","E","E","E","E","E","E","E","E","E","E","E","E","E","E","E","E","E","E","E","E","E","E","E","E","E","E","N","N","I","D","C","C","C","N","N","N","C","C","N","E","E","E","E","E","E","E","E","E","B","B","B","B","B"
"5020","o_trans","Injured in non-road transport accident","traffic","","","","","","","","injury","D","D","D","D","E","E","E","E","E","E","E","E","E","E","E","E","E","E","E","E","E","E","E","E","E","E","E","E","E","E","E","E","E","E","E","E","E","E","E","E","E","E","N","N","D","I","D","D","D","N","N","N","C","D","N","E","E","E","E","E","E","E","E","E","B","B","B","B","B"
"5030","fall","Accidental fall","","traffic","o_trans","drown","fire","","","","injury","C+","C+","C+","C+","E","E","E","E","E","E","E","E","E","E","E","E","E","E","E","E","E","E","E","E","E","E","E","C","E","E","E","E","E","E","E","E","E","E","E","E","E","E","N","N","N","N","I","C","C+","N","N","N","C","D","N","E","E","E","E","E","E","E","E","E","B","B","B","B","B"
"5040","drown","Drowning","","traffic","o_trans","fall","","","","","injury","C","C","C","C","E","E","E","E","E","E","E","E","E","E","E","E","E","E","E","E","E","E","E","E","E","E","E","E","E","E","E","E","E","E","E","E","E","E","E","E","E","E","N","N","N","N","N","I","N","N","D","N","C","D","N","E","E","E","E","E","E","E","E","E","B","B","B","B","B"
"5050","fire","Burns","","venom","poison","","","","","","injury","D+","D+","D+","D+","E","E","E","E","E","E","E","E","E","E","E","E","E","E","E","E","E","E","E","E","E","E","E","E","E","E","E","E","E","E","E","E","E","E","E","E","E","E","N","N","D+","D+","N","N","I","D+","N","N","N","D+","N","E","E","E","E","E","E","E","E","E","B","B","B","B","B"
"5060","assault","Violence/assault","","","","","","","","","injury","C-","C","C","C","E","E","E","E","E","E","E","E","E","E","E","E","E","E","E","E","E","E","E","E","E","E","E","E","E","E","E","E","E","E","E","E","E","E","E","E","E","E","N","N","E","E","N","D-","D-","N","N","N","N","I","N","E","E","E","E","E","E","E","E","E","B","B","B","B","B"
"5070","venom","Animal/insect bite","","traffic","o_trans","fall","drown","","","","injury","D-","D-","D-","D-","E","E","E","E","E","E","E","E","E","E","E","E","E","E","E","E","E","E","E","E","E","E","E","E","E","E","E","E","E","E","E","E","E","E","E","E","E","E","N","N","N","N","N","N","N","I","N","N","N","N","N","E","E","E","E","E","E","E","E","E","B","B","B","B","B"
"5080","force","Injured by a force of nature","","traffic","o_trans","poison","venom","fall","","","injury","D-","D-","D-","D-","E","E","E","E","E","E","E","E","E","E","E","E","E","E","E","E","E","E","E","E","E","E","E","E","E","E","E","E","E","E","E","E","E","E","E","E","E","E","N","N","N","N","N","N","N","N","I","N","N","N","N","E","E","E","E","E","E","E","E","E","B","B","B","B","B"
"5090","poison","Poisoned","traffic","drown","","fall","","fire","venom","","injury","C-","C-","C-","C-","E","E","E","E","E","E","E","E","E","E","E","E","E","E","E","E","E","E","E","E","E","E","E","E","E","E","E","E","E","E","E","E","E","E","E","E","E","E","N","N","N","N","N","N","N","N","N","I","A","N","N","E","E","E","E","E","E","E","E","E","B","B","B","B","B"
"5100","inflict","Injury intentionally inflicted by someone else","o_trans","fall","force","venom","","","","","injury","D-","D-","D-","D-","E","E","E","E","E","E","E","E","E","E","E","E","E","E","E","E","E","E","E","E","E","E","E","E","E","E","E","E","E","E","E","E","E","E","E","E","E","E","N","N","E","N","N","N","N","N","N","N","N","I","N","E","E","E","E","E","E","E","E","E","B","B","B","B","B"
"5110","suicide","Suggestion that (s)he committed suicide","neonate","infant","under5","fall","assault","venom","","","injury","C-","C-","C","C","E","E","E","E","E","E","E","E","E","E","E","E","E","E","E","E","E","E","E","E","E","E","E","E","E","E","E","E","E","E","E","E","N","N","N","N","N","N","N","N","N","N","N","N","N","N","N","N","I","N","N","E","E","N","N","N","N","N","N","N","B","B","B","B","B"
"6000","alcohol","Drank alcohol (more than a little)","neonate","infant","child","under5","","","","","","B","B+","B","B-","B+","B+","C","C","C","C","C","C","B+","D","C","B","A","A","B-","B","B-","B","C","C","B","B+","C-","B","B+","C","C","A-","A-","C","C","B","N","N","N","N","N","N","N","N","B+","B","B","B+","B","B","B","A-","B+","B+","A-","C","C","C","C","C","C","C","C","C","B","B","B","B","B"
"6010","smoking","Smoked tobacco regularly","neonate","infant","child","under5","","","","","","B","B+","B","B-","B+","B+","C","C","C","C","C","C","B+","D","C","B","B","B+","A","B","B+","B+","C","C","C","A-","C-","B+","A-","A+","C","C","C","C","C","B","N","N","N","N","N","N","N","N","B","B","B","B","B","B","B","B","B","B","B","C","C","C","C","C","C","C","C","C","B","B","B","B","B"
"6020","married","Married at time of death","neonate","infant","under5","midage","elder","male","","","","C","A","A+","A+","C","C","C+","C","C","C-","C","C","C","C","C","D","C","C","C","C","C","D","C","C","C","C","C","C","B","C","C","C","C","C","C","C","N","N","N","N","N","N","N","N","C","C","C","C","C","C","C","C","C","C","D","A-","A-","A-","A-","A-","A-","A-","A-","A-","B","B","B","B","B"
"6030","vaccin","Received vaccines as appropriate for age at death","midage","adult","elder","","","","","","","A","A","A","A","B","B","A","A-","A","C","B","C","B-","D","A","A-","A","A","A","A","A","A","A","A-","A","A","A","A","A","A","A","A","A","A","A","A","A","A","A","A","A","A","N","N","A","A","A","A","A","A","A","A","A","A","A","D","D","D","D","D","D","D","D","D","B","B","B","B","B"
"6040","treat","Received treatment for the illness that lead to death","","","","","","","","","","A","A","A+","A+","A","A","A","B","B","B","B","B","B","B","B","B","A","A","A","A","A","A","B","B","A","B","A","B","A","A","A","A","A","A","B","A","A","B","B","B","B","B","N","N","C","C","C","C","C","C","C","C","C","C","C","B","C","B","B","B","B","B","B","B","B","B","B","B","B"
"6050","t_ort","Received (or needed) oral rehydration therapy","","","","","","","","","treat","B","B","B","B","C","C","B","A","B","C","C","C","C","C","B","C","D","D","D","D","D","D","D","B","D","D","D","D","D","D","D","D","D","D","D","D","D","D","D","D","D","D","N","N","D","D","D","D","D","D","D","D","D","D","D","D","D","D","D","D","D","D","D","D","B","B","B","B","B"
"6060","t_iv","Received (or needed) IV drip","","","","","","","","","treat","B","B","B","B","B","B","B","B","B","B","B","B","B","B","A","B","B","B","B","B","B","B","B","B","B","B","B","B","B","B","B","B","B","B","B","B","B","D","D","B","B","B","N","N","B","B","B","B","B","B","B","B","B","B","B","B","B","B","B","B","B","B","B","B","B","B","B","B","B"
"6070","blood_tr","Received (or needed) blood transfusion","neonate","","","","","","","","treat","C","B-","A","B+","C","C","C","C","B","C","C","C","C","D","A","C","C","C","C","C","C","B","A","C","C","C","B+","C","C","C","C","C","C","C","C","C","N","N","N","C","C","N","N","N","B","C","C","C","C","C","C","C","C","C","B","A","A","B-","I","B+","B","I","A+","C","B","B","B","B","B"
"6080","t_ngt","Received (or needed) treatment/food through nose","","","","","","","","","treat","B","B","B","B","B","B","B","B","B","B","B","B","B","B","B","B","B","B","B","B","B","B","B","A","B","B","B","A","B","B","B","B","B","B","B","B","B","B","B","B","B","B","N","N","C","C","C","C","C","C","C","C","C","C","C","C","C","C","C","C","C","C","C","C","B","B","B","B","B"
"6090","antib_i","Received (or needed) IV or IM antibiotics","","","","","","","","","treat","C","B-","B+","B+","B","B","B","C","C","C","A","C","C","A","C","A","C","C","C","C","C","C","C","C","C","C","C","C","C","C","C","C+","C","B","C","C","N","N","N","C","C","N","N","N","B","C","C","C","C","C","C","C","C","C","B","A+","A","B+","B+","A","I","B+","A","A-","B","B","B","B","B"
"6100","surgery","Had an operation for the final illness","","","","","","","","","treat","C","C-","C","C+","D","D","C-","D","D","D","D","D","D","N","D","D","B+","B+","B+","B+","B+","B+","C-","C-","C-","C-","C-","C-","C-","C-","C-","B","C-","C-","C","C-","C","N","N","N","N","N","N","N","B","C-","C-","C-","C-","C-","C-","C-","C-","C-","B-","B","B","C","B","B","D","D","B+","D","B","B","B","B","B"
"6110","sur_1m","Operation was within one month before death","","","","","","","","","surgery","C-","C-","C","C","D","D","D","D","D","D","D","D","D","D","D","D","B","B","B","B","B","B","C-","C-","C-","C-","C-","C-","C","C-","C-","B","C-","C-","C-","C-","C-","N","N","N","N","N","N","N","B","C-","C-","C-","C-","C-","C-","C-","C-","C-","C","B","B","C","B","B","D","D","B+","","B","B","B","B","B"
"6120","disch","Discharged from hospital very ill","","","","","","","","","treat","C+","C+","C+","C+","C+","C+","A","C+","C-","C+","D","C+","C+","N","C+","C-","B+","B+","B+","B+","B+","B+","C+","C+","C+","C+","C+","B-","C+","B","D-","C+","A-","C+","B+","C+","C+","D","N","N","N","N","N","N","C+","C+","C+","C+","C+","C+","C+","C+","C+","C+","C+","C","C","C","C","C","C","C","C","C","B","B","B","B","B"
"7000","shospf","In the final illness, travelled to a hospital or health facility","","","","","","","","","","B","B","B","B","B","B","B","B","B","B","B","B","B","B","B","B","B","B","B","B","B","B","B","B","B","B","B","B","B","B","B","B","B","B","B","B","B","B","B","B","B","B","B","B","B","B","B","B","B","B","B","B","B","B","B","B","B","B","B","B","B","B","B","B","D","D","B","B","B"
"7010","strans","Used motorised transport to get to the hospital","","","","","","","","","shospf","B","B","B","B","B","B","B","B","B","B","B","B","B","B","B","B","B","B","B","B","B","B","B","B","B","B","B","B","B","B","B","B","B","B","B","B","B","B","B","B","B","B","B","B","B","B","B","B","B","B","B","B","B","B","B","B","B","B","B","B","B","B","B","B","B","D","B","B","B"
"7020","sadmit","Experienced problems during admission to the hospital","","","","","","","","","shospf","B","B","B","B","B","B","B","B","B","B","B","B","B","B","B","B","B","B","B","B","B","B","B","B","B","B","B","B","B","B","B","B","B","B","B","B","B","B","B","B","B","B","B","B","B","B","B","B","B","B","B","B","B","B","B","B","B","B","B","B","B","B","B","B","B","B","A","B","B"
"7030","streat","Experienced problems in the way of being treated in the hospital","","","","","","","","","shospf","B","B","B","B","B","B","B","B","B","B","B","B","B","B","B","B","B","B","B","B","B","B","B","B","B","B","B","B","B","B","B","B","B","B","B","B","B","B","B","B","B","B","B","B","B","B","B","B","B","B","B","B","B","B","B","B","B","B","B","B","B","B","B","B","B","B","A","B","B"
"7040","smedic","Experienced problems getting medications or tests in the hospital","","","","","","","","","shospf","B","B","B","B","B","B","B","B","B","B","B","B","B","B","B","B","B","B","B","B","B","B","B","B","B","B","B","B","B","B","B","B","B","B","B","B","B","B","B","B","B","B","B","B","B","B","B","B","B","B","B","B","B","B","B","B","B","B","B","B","B","B","B","B","B","B","A","B","B"
"7050","smore2","Takes more than 2 hours to get to the nearest hospital","","","","","","","","","","B","B","B","B","B","B","B","B","B","B","B","B","B","B","B","B","B","B","B","B","B","B","B","B","B","B","B","B","B","B","B","B","B","B","B","B","B","B","B","B","B","B","B","B","B","B","B","B","B","B","B","B","B","B","B","B","B","B","B","B","B","B","B","B","A","A","B","B","B"
"7060","sdoubt","In the final illness, doubts if medical care was needed","","","","","","","","","","B","B","B","B","B","B","B","B","B","B","B","B","B","B","B","B","B","B","B","B","B","B","B","B","B","B","B","B","B","B","B","B","B","B","B","B","B","B","B","B","B","B","B","B","B","B","B","B","B","B","B","B","B","B","B","B","B","B","B","B","B","B","B","B","B","B","B","A","B"
"7070","stradm","In the final illness, traditional medicine was used","","","","","","","","","","B","B","B","B","B","B","B","B","B","B","B","B","B","B","B","B","B","B","B","B","B","B","B","B","B","B","B","B","B","B","B","B","B","B","B","B","B","B","B","B","B","B","B","B","B","B","B","B","B","B","B","B","B","B","B","B","B","B","B","B","B","B","B","B","B","B","B","A","B"
"7080","smobph","At the time of death, used a telephone or cellphone to call for help","","","","","","","","","","B","B","B","B","B","B","B","B","B","B","B","B","B","B","B","B","B","B","B","B","B","B","B","B","B","B","B","B","B","B","B","B","B","B","B","B","B","B","B","B","B","B","B","B","B","B","B","B","B","B","B","B","B","B","B","B","B","B","B","B","B","B","B","B","B","C","B","B","B"
"7090","scosts","Over the whole illness, total costs of care and treatment prohibitive","","","","","","","","","","B","B","B","B","B","B","B","B","B","B","B","B","B","B","B","B","B","B","B","B","B","B","B","B","B","B","B","B","B","B","B","B","B","B","B","B","B","B","B","B","B","B","B","B","B","B","B","B","B","B","B","B","B","B","B","B","B","B","B","B","B","B","B","B","B","B","B","B","A"
